"Recipient Committee","Date","Donor Type","Donor Name","City","State","Employer","InKind","InKind Description","Amount"
"Minnesotans for Matt (Entenza)","05-03-2011","Self","Entenza, Matt","","MN","","No","","2,500.00",
"Becky Lourey for Governor","12-22-2011","Self","Lourey, Rebecca J","Kerrick","MN","Nemadji Research","No","","9,000.00",
"R T Rybak For Governor","01-01-2011","Individual","Flint Smith, Tina","Mpls","MN","City of Mpls","No","","500.00",
"R T Rybak For Governor","01-01-2011","Individual","Smith, Archie","Mpls","MN","Sightline","No","","500.00",
"Mark Dayton for a Better Minnesota","01-02-2011","Individual","Borman, Thomas H","Minneapolis","MN","Mason Edelman Borman & Brand","No","","250.00",
"Mark Dayton for a Better Minnesota","01-02-2011","Individual","Carlson, Steven","Edina","MN","Dorsey & Whitney","No","","500.00",
"Mark Dayton for a Better Minnesota","01-02-2011","Individual","Deal, James","Anoka","MN","NAU Country Insurance","No","","500.00",
"Mark Dayton for a Better Minnesota","01-02-2011","Individual","Deal, Pam","Anoka","MN","homemaker","No","","500.00",
"Mark Dayton for a Better Minnesota","01-02-2011","Individual","Disson, Carolyn","Edina","MN","Homemaker","No","","500.00",
"Mark Dayton for a Better Minnesota","01-02-2011","Individual","Erhardt, Ronnie ","Mpls","MN","Financial Planner","No","","500.00",
"Mark Dayton for a Better Minnesota","01-02-2011","Individual","Frans, Myron L","Minneapolis","MN","Faegre & Benson","No","","250.00",
"Mark Dayton for a Better Minnesota","01-02-2011","Individual","Frederickson, Kay Kennway","Saint Paul","MN","Retired","No","","500.00",
"Mark Dayton for a Better Minnesota","01-02-2011","Individual","Griffin, Thomas","Apple Valley","MN","Southshore Services","No","","500.00",
"Mark Dayton for a Better Minnesota","01-02-2011","Individual","Growald, Eileen","Shelburne","VT","Homemaker","No","","500.00",
"Mark Dayton for a Better Minnesota","01-02-2011","Individual","Growald, Paul","Shelburne","VT","Self-Investor","No","","500.00",
"Mark Dayton for a Better Minnesota","01-02-2011","Individual","Haigh, Susan","St Paul","MN","Habitat for Humanity","No","","250.00",
"Mark Dayton for a Better Minnesota","01-02-2011","Individual","Jesson, Lucinda","St. Paul","MN","State of MN","No","","250.00",
"Mark Dayton for a Better Minnesota","01-02-2011","Individual","McLaughlin, Peter","Mpls","MN","Hennepin County","No","","500.00",
"Mark Dayton for a Better Minnesota","01-02-2011","Individual","McMillan, Donald G","Mendota Heights","MN","dentist","No","","500.00",
"Mark Dayton for a Better Minnesota","01-02-2011","Individual","Miller, Richard","Edina","MN","retired","No","","500.00",
"Mark Dayton for a Better Minnesota","01-02-2011","Individual","Nolan, Fred","Isanti ","MN","E & F Services","No","","500.00",
"Mark Dayton for a Better Minnesota","01-02-2011","Individual","Orrick, Ruth","Bloomington","MN","Thompson West Publishing","No","","500.00",
"Mark Dayton for a Better Minnesota","01-02-2011","Individual","Schwebel, James","Mpls","MN","Schwebel, Goetz & Sieben","No","","500.00",
"Mark Dayton for a Better Minnesota","01-02-2011","Individual","Schwebel, Mary","Mpls","MN","Unemployed","No","","500.00",
"Mark Dayton for a Better Minnesota","01-02-2011","Individual","Sheehy, Lee E","Minneapolis","MN","City of Minneapolis","No","","500.00",
"Mark Dayton for a Better Minnesota","01-02-2011","Individual","Thatcher, Paul Rexford, Sr.","Minneapolis","MN","Retired","No","","500.00",
"Mark Dayton for a Better Minnesota","01-02-2011","Individual","Winer, Anthony S","Minneapolis","MN","William Mitchell College","No","","500.00",
"Mark Dayton for a Better Minnesota","01-02-2011","Individual","Wohlman, Matthew","Richfield","MN","Rep Tim Walz","No","","500.00",
"Margaret (Kelliher) for Governor","01-03-2011","Individual","Bell, Jerry","North Saint Paul","MN","MN Twins","Yes","","500.00",
"Margaret (Kelliher) for Governor","01-03-2011","Individual","Bell, Phyllis","North Saint Paul","MN","","Yes","","500.00",
"Margaret (Kelliher) for Governor","01-03-2011","Individual","Cowles, John","Minneapolis","MN","Retired","No","","500.00",
"Margaret (Kelliher) for Governor","01-03-2011","Individual","Cutter, Elizabeth","Minneapolis","MN","Hennepin County","No","","250.00",
"Margaret (Kelliher) for Governor","01-03-2011","Individual","Elliot, Kip","Minneapolis","MN","MN Twins","Yes","","500.00",
"Margaret (Kelliher) for Governor","01-03-2011","Individual","Hoy, Matthew","Eden Prairie","MN","MN Twins","Yes","","500.00",
"Mark Dayton for a Better Minnesota","01-03-2011","Individual","Nauen, Charles","St Paul","MN","Lockridge, Grindal, Nauen","No","","500.00",
"Mark Dayton for a Better Minnesota","01-03-2011","Individual","Pofahl, Pati Jo","St Paul","MN","Homemaker","No","","500.00",
"Mark Dayton for a Better Minnesota","01-03-2011","Individual","Sangeeta, Jain","North Oaks","MN","Ramsey Co","No","","150.00",
"Mark Dayton for a Better Minnesota","01-03-2011","Individual","Sieben, Joyce","Hastings","MN","Homemaker","No","","500.00",
"Mark Dayton for a Better Minnesota","01-03-2011","Individual","Sieben, William R.","Hastings","MN","Schwebel Goetz & Sieben","No","","500.00",
"Margaret (Kelliher) for Governor","01-03-2011","Individual","St. Peter, David","Minneapolis","MN","Minnesota Twins","Yes","","500.00",
"Margaret (Kelliher) for Governor","01-03-2011","Individual","St. Peter, Joan","Eden Prairie","MN","","Yes","","500.00",
"Margaret (Kelliher) for Governor","01-04-2011","Individual","Blumberg, Carla","Duluth","MN","Sara's Table","No","","500.00",
"Minnesotans for (John) Marty","01-04-2011","Individual","Kochevar, James","St. Paul","MN","Self employed Independant Consultant","No","","250.00",
"Minnesotans for (John) Marty","01-04-2011","Individual","Kochevar, Laura","St. Paul","MN","unemployed","No","","250.00",
"Mark Dayton for a Better Minnesota","01-04-2011","Individual","Lewis, Vinton","Oakdale","MN","retired","No","","500.00",
"Margaret (Kelliher) for Governor","01-04-2011","Individual","O'Brien, Kathy","Mpls","MN","U of M","No","","500.00",
"Margaret (Kelliher) for Governor","01-05-2011","Individual","Anderson, Catherine","Mankato","MN","State of MN","No","","300.00",
"Mark Dayton for a Better Minnesota","01-05-2011","Individual","Gertner, Nancy","Saint Louis Park","MN","Retired","No","","123.00",
"Margaret (Kelliher) for Governor","01-10-2011","Individual","Mokros, Andrea","Minneapolis","MN","State of MN","No","","150.00",
"(Thomas) Horner 2010","01-17-2011","Individual","Harper, Ernest M.","Edina","MN","General Mills","No","","500.00",
"(Thomas) Horner 2010","01-17-2011","Individual","Harper, Mary","Edina","MN","Retired","No","","500.00",
"Seifert (Marty) for Governor","01-20-2011","Individual","Hubbard, Stanley S","St. Paul","MN","Hubbard Broadcasting","No","","500.00",
"Tom Emmer for Governor","01-30-2011","Individual","Collis, Velma","Lake Crystal","Mn","Retired","No","","500.00",
"Mark Dayton for a Better Minnesota","01-31-2011","Individual","Moret, Pamela J","Arden Hills","MN","Thrivent Financial for Lutherans","No","","400.00",
"Mark Dayton for a Better Minnesota","01-31-2011","Individual","Uhrich, Marie","Maple Grove","MN","Thrivent Financial","No","","250.00",
"Mark Dayton for a Better Minnesota","03-14-2011","Individual","Wang, Daniel","Maple Grove","MN","Asian Mill, Inc.","No","","250.00",
"Mark Dayton for a Better Minnesota","03-16-2011","Individual","Beltaos, Elizabeth","Minneapolis","MN","Ramsey Cnty Prosecutor","No","","250.00",
"Mark Dayton for a Better Minnesota","03-16-2011","Individual","Steinkamp, David","Minneapolis","MN","Self-Attorney","No","","250.00",
"Mark Dayton for a Better Minnesota","06-02-2011","Individual","Melander, Mary","Mahtomedi","MN","Retired","No","","500.00",
"Mark Dayton for a Better Minnesota","06-04-2011","Individual","Bratulich, Robert","Eveleth","MN","United Steelworkers Dist 11","No","","500.00",
"Mark Dayton for a Better Minnesota","06-06-2011","Individual","Andrew, Mark","Mpls","MN","GCI Tunheim","No","","150.00",
"Mark Dayton for a Better Minnesota","06-06-2011","Individual","Blatstein, Eric","Jamaica","NY","OTG Mangement","No","","250.00",
"Mark Dayton for a Better Minnesota","06-06-2011","Individual","Brauchle, Jeffery","Mound","MN","Three Rivers Park District","No","","200.00",
"Mark Dayton for a Better Minnesota","06-06-2011","Individual","Bruckner, Joseph","Mpls","MN","Lockridge Grindal Nauen","No","","250.00",
"Mark Dayton for a Better Minnesota","06-06-2011","Individual","Flaherty, Yvonne","Farmington","MN","Lockridge Grindal Nauen","No","","200.00",
"Mark Dayton for a Better Minnesota","06-06-2011","Individual","Gengler, Bill","St Paul","MN","Lockridge Grindal Nauen","No","","200.00",
"Mark Dayton for a Better Minnesota","06-06-2011","Individual","Gustafson, Daniel","Elk River","MN","Gustafson Gluek","No","","500.00",
"Mark Dayton for a Better Minnesota","06-06-2011","Individual","Haskins Grindal, Michele","Mpls","MN","Homemaker","No","","500.00",
"Mark Dayton for a Better Minnesota","06-06-2011","Individual","Lillehaug, David","Edina","MN","Fredrickson & Byron","No","","500.00",
"Mark Dayton for a Better Minnesota","06-06-2011","Individual","Myers, Gregory","St Paul","MN","Lockridge Grindal Nauen","No","","200.00",
"Mark Dayton for a Better Minnesota","06-06-2011","Individual","Rich, Charles","St Paul","MN","Anesthesia Assc","No","","200.00",
"Mark Dayton for a Better Minnesota","06-06-2011","Individual","Richardson, Mary","St Paul","MN","Richardson Richter & Associates","No","","250.00",
"Mark Dayton for a Better Minnesota","06-06-2011","Individual","Riebel, Karen Hanson","Mpls","MN","Lockridge, Grindal, Nauen","No","","250.00",
"Mark Dayton for a Better Minnesota","06-07-2011","Individual","Nielsen, Katherine D","Minneapolis","MN","Self Employed Artist","No","","500.00",
"Mark Dayton for a Better Minnesota","06-07-2011","Individual","Nielsen, Stuart A","Minneapolis","MN","Self employed Artist","No","","500.00",
"Mark Dayton for a Better Minnesota","06-07-2011","Individual","O'Brien, Timothy","Edina","MN","Faegre & Benson","No","","500.00",
"Mark Dayton for a Better Minnesota","06-09-2011","Individual","Campbell-Rice, JoAnn","Golden Valley","MN","Hazelden","No","","500.00",
"Mark Dayton for a Better Minnesota","06-09-2011","Individual","Klausner, Kathy","Cooper City","FL","homemaker","No","","250.00",
"Mark Dayton for a Better Minnesota","06-09-2011","Individual","Klausner, Robert","Cooper City ","FL","Klausner & Kaufman","No","","500.00",
"Mark Dayton for a Better Minnesota","06-12-2011","Individual","Anderson, Joyce","Minnetonka","MN","retired","No","","500.00",
"Mark Dayton for a Better Minnesota","06-12-2011","Individual","Bamonti, Michael","Plymouth","MN","JJ Taylor Distributing","No","","250.00",
"Mark Dayton for a Better Minnesota","06-12-2011","Individual","Birkeland, Karin","Minneapolis","MN","Retired","No","","500.00",
"Mark Dayton for a Better Minnesota","06-12-2011","Individual","Borman, Elizabeth","Long Lake","MN","Homemaker","No","","500.00",
"Mark Dayton for a Better Minnesota","06-12-2011","Individual","Borman, Marvin","Long Lake","MN","retired","No","","500.00",
"Mark Dayton for a Better Minnesota","06-12-2011","Individual","Conover, Stephen","Minneapolis","MN","Applied Membrane Tech Inc","No","","250.00",
"Mark Dayton for a Better Minnesota","06-12-2011","Individual","Cowles, John","Minneapolis","MN","Retired","No","","500.00",
"Mark Dayton for a Better Minnesota","06-12-2011","Individual","Cowles, Sage Fuller","Mpls","MN","Unemployed","No","","500.00",
"Mark Dayton for a Better Minnesota","06-12-2011","Individual","Davies, Pat","Minneapolis","MN","Retired","No","","500.00",
"Mark Dayton for a Better Minnesota","06-12-2011","Individual","Dayton, Douglas","Wayzata","MN","Retired","No","","500.00",
"Mark Dayton for a Better Minnesota","06-12-2011","Individual","Dayton, Wendy","Wayzata","MN","Retired","No","","500.00",
"Mark Dayton for a Better Minnesota","06-12-2011","Individual","Flaherty, Mary S","St Paul","MN","Retired","No","","500.00",
"Mark Dayton for a Better Minnesota","06-12-2011","Individual","Freeman, Jane","Minneapolis","MN","retired","No","","500.00",
"Mark Dayton for a Better Minnesota","06-12-2011","Individual","Freeman, Michael","Richfield","MN","Hennepin County","No","","150.00",
"Mark Dayton for a Better Minnesota","06-12-2011","Individual","Furman, Leola","Minneapolis","MN","Retired","No","","500.00",
"Mark Dayton for a Better Minnesota","06-12-2011","Individual","Grace, Ellen","Minneapolis","MN","not employed","No","","500.00",
"Mark Dayton for a Better Minnesota","06-12-2011","Individual","Hawkinson, Keith","Minneapolis","MN","Retired","No","","500.00",
"Mark Dayton for a Better Minnesota","06-12-2011","Individual","Heins, Samuel","Wayzata","MN","Heins Mills & Olson","No","","500.00",
"Mark Dayton for a Better Minnesota","06-12-2011","Individual","Heins, Stacey L Mills","Wayzata","MN","Heins, Mills, Olson","No","","200.00",
"Mark Dayton for a Better Minnesota","06-12-2011","Individual","Karney, Mark","Mpls","MN","Attorney","No","","500.00",
"Mark Dayton for a Better Minnesota","06-12-2011","Individual","Keane, Timothy","Minneapolis","MN","Malkerson Gunn Martin Law","No","","250.00",
"Mark Dayton for a Better Minnesota","06-12-2011","Individual","Lenfestey, James P","Mpls","MN","Turing 40 Productions","No","","500.00",
"Mark Dayton for a Better Minnesota","06-12-2011","Individual","Lenfestey, Susan","Mpls","MN","Writer","No","","250.00",
"Mark Dayton for a Better Minnesota","06-12-2011","Individual","Lux, Robert","Wayzata","MN","Alatus LLC","No","","500.00",
"Mark Dayton for a Better Minnesota","06-12-2011","Individual","Mitau, Lee R","Minneapolis","MN","US Bancorp","No","","500.00",
"Mark Dayton for a Better Minnesota","06-12-2011","Individual","Ofstedal, Donald","Mpls","MN","RSVP Productions","No","","200.00",
"Mark Dayton for a Better Minnesota","06-12-2011","Individual","Perpich, George","Shoreview","MN","retired","No","","200.00",
"Mark Dayton for a Better Minnesota","06-12-2011","Individual","Pillsbury, George","Wayzata","MN","Retired","No","","500.00",
"Mark Dayton for a Better Minnesota","06-12-2011","Individual","Pillsbury, Sally","Wayzata","MN","Retired","No","","500.00",
"Mark Dayton for a Better Minnesota","06-12-2011","Individual","Pohlad, James O","Minneapolis","MN","Pohlad Companies","No","","500.00",
"Mark Dayton for a Better Minnesota","06-12-2011","Individual","Sieben, Gretchen","Woodbury","MN","Homemaker","No","","500.00",
"Mark Dayton for a Better Minnesota","06-12-2011","Individual","Sieben, Michael","Woodbury","MN","Sieben Polk, PA","No","","500.00",
"Mark Dayton for a Better Minnesota","06-12-2011","Individual","Smith, Tina Flint","Mpls","MN","State of Mn","No","","500.00",
"Mark Dayton for a Better Minnesota","06-12-2011","Individual","Solum, Richard","Mpls","MN","Dorsey & Whitney LLP","No","","500.00",
"Mark Dayton for a Better Minnesota","06-12-2011","Individual","Sternberg, Robin","Minneapolis","MN","State of MN","No","","500.00",
"Mark Dayton for a Better Minnesota","06-12-2011","Individual","Tunheim, Kathy","Stillwater","MN","GCI Tunheim Group","No","","500.00",
"Mark Dayton for a Better Minnesota","06-12-2011","Individual","Wilensky, Alan J","Minnetonka","MN","Gray Plant Mooty","No","","500.00",
"Mark Dayton for a Better Minnesota","06-12-2011","Individual","Winton, Rufus","Wayzata","MN","Retired","No","","500.00",
"Mark Dayton for a Better Minnesota","06-12-2011","Individual","Winton, Sarah","Minneapolis","MN","retired","No","","500.00",
"Mark Dayton for a Better Minnesota","06-12-2011","Individual","Youngerman, Sarah","St. Paul","MN","U of MN","No","","500.00",
"Mark Dayton for a Better Minnesota","06-12-2011","Individual","Zelle, Charles A","Mpls","MN","Jefferson Lines","No","","500.00",
"Mark Dayton for a Better Minnesota","06-14-2011","Individual","Rand, Rebecca R","Wayzata","MN","Homemaker","No","","500.00",
"Mark Dayton for a Better Minnesota","06-15-2011","Individual","DeCosse, Cyrille E","Mpls","MN","Retired","No","","500.00",
"Mark Dayton for a Better Minnesota","06-22-2011","Individual","Dayton, Bruce B","Wayzata","MN","Retired","No","","500.00",
"Mark Dayton for a Better Minnesota","06-22-2011","Individual","Douglas, Bruce","Edina","MN","Larkin Hoffman","No","","500.00",
"Mark Dayton for a Better Minnesota","06-22-2011","Individual","Fisher, Linda","Minnetonka","MN","Larkin Hoffman & Daly","No","","200.00",
"Mark Dayton for a Better Minnesota","06-22-2011","Individual","Mergens, Michael","Eden Prairie","MN","Larkin Hoffman","No","","250.00",
"Mark Dayton for a Better Minnesota","06-22-2011","Individual","Reynolds, Duane","New Hope","MN","Vineland national Center","No","","200.00",
"Mark Dayton for a Better Minnesota","06-22-2011","Individual","Smith, Paul","Shoreview","MN","Larkin hoffman","No","","250.00",
"Becky Lourey for Governor","06-30-2011","Individual","Koll, Laurence F","St Paul","MN","Minnesota Self-Insurers' Security Fund","No","","200.00",
"Mark Dayton for a Better Minnesota","06-30-2011","Individual","Lesher, Maggie","Woodbury","MN","Children's Theraplay","No","","250.00",
"Mark Dayton for a Better Minnesota","07-15-2011","Individual","Goldner, Barbara","Mpls","MN","Retired","No","","500.00",
"Mark Dayton for a Better Minnesota","07-15-2011","Individual","Goldner, Michael","Minneapolis","MN","Goldner Hawn Johnson","No","","500.00",
"Mark Dayton for a Better Minnesota","07-18-2011","Individual","Reyes, Rosa","Saint Paul","MN","Volunteers for OFA","No","","145.00",
"(Michael) Jungbauer for Governor","07-22-2011","Individual","Jungbauer, Michael J","East Bethel","MN","Landform","Yes","","534.90",
"(Michael) Jungbauer for Governor","07-30-2011","Individual","Niska, Harry","Ramsey","MN","Ross & Orenstein LLC","Yes","","117.40",
"Mark Dayton for a Better Minnesota","08-11-2011","Individual","Beattie, John","Shorewood","MN","Messerli & Kramor","No","","250.00",
"Mark Dayton for a Better Minnesota","08-11-2011","Individual","Cutler, Kenneth L","Edina","MN","Dorsey & Whitney LLP","No","","250.00",
"Mark Dayton for a Better Minnesota","08-11-2011","Individual","Johnson, Susan J.","Wayzata","MN","Overland Gallery","No","","250.00",
"Mark Dayton for a Better Minnesota","08-11-2011","Individual","Messerli, William","Deephaven","MN","Messerli & Kramer","No","","150.00",
"Mark Dayton for a Better Minnesota","08-11-2011","Individual","Robbins, Jeff","Minneapolis","MN","Messerli & Kramor","No","","250.00",
"R T Rybak For Governor","08-16-2011","Individual","Owens, Robert","Saint Louis Park","MN","Owens Law LLC","No","","500.00",
"Mark Dayton for a Better Minnesota","08-17-2011","Individual","Dayton, Vanessa","Mpls","MN","Hennepin Faculity Assoc","No","","500.00",
"Mark Dayton for a Better Minnesota","08-18-2011","Individual","Frederickson, Dennis","New Ulm","MN","State of MN","No","","500.00",
"Mark Dayton for a Better Minnesota","08-18-2011","Individual","Moilanen, Robert","Minnetonka","MN","Zimmerman Reed","No","","250.00",
"Mark Dayton for a Better Minnesota","08-24-2011","Individual","Abrahamson, Victoria","Minneapolis","MN","Panoramix Global","No","","500.00",
"Mark Dayton for a Better Minnesota","08-24-2011","Individual","Barr, Collin","Mpls","MN","Ryan Companies Inc","No","","250.00",
"Mark Dayton for a Better Minnesota","08-24-2011","Individual","Bencini, Barbara","Minneapolis","MN","Merril Lynch","No","","250.00",
"Mark Dayton for a Better Minnesota","08-24-2011","Individual","Bockley, Todd","Minneapolis","MN","Bockley Gallery","No","","250.00",
"Mark Dayton for a Better Minnesota","08-24-2011","Individual","Colianni, Albert Jr.","Minnetonka","MN","Marquette Financial Companies","No","","250.00",
"Mark Dayton for a Better Minnesota","08-24-2011","Individual","Davis, Barbara Jo","Mpls","MN","Ken Davis Products","No","","250.00",
"Mark Dayton for a Better Minnesota","08-24-2011","Individual","Davis, Frances J","Mpls","MN","Coldwell Banker Burnet","No","","500.00",
"Mark Dayton for a Better Minnesota","08-24-2011","Individual","Dayton, Ann","Mpls","MN","Unemployed","No","","250.00",
"Mark Dayton for a Better Minnesota","08-24-2011","Individual","Dayton, David","Mpls","MN","Alumniplate","No","","500.00",
"Mark Dayton for a Better Minnesota","08-24-2011","Individual","Ekdahl, Karla C","Mpls","MN","Internet & Feature Films","No","","250.00",
"Mark Dayton for a Better Minnesota","08-24-2011","Individual","Gibbons, Joe","Wayzata","MN","Merrill Lynch","No","","250.00",
"Mark Dayton for a Better Minnesota","08-24-2011","Individual","Hoch, Thomas","Mpls","MN","Hennepin Theatre Trust","No","","500.00",
"Mark Dayton for a Better Minnesota","08-24-2011","Individual","Johnson, Eric A","Minneapolis","MN","Avenet","No","","500.00",
"Mark Dayton for a Better Minnesota","08-24-2011","Individual","Jones, David","Plymouth","MN","self - photographer","No","","250.00",
"Mark Dayton for a Better Minnesota","08-24-2011","Individual","Kelly, Katherine L","Minneapolis","MN","Cast Communication Design","No","","500.00",
"Mark Dayton for a Better Minnesota","08-24-2011","Individual","Leehr, Jeanette","Mpls","MN","homemaker","No","","250.00",
"Mark Dayton for a Better Minnesota","08-24-2011","Individual","Nelson, Russell","St Paul","MN","Nelson Tietz & Hoye","No","","500.00",
"Mark Dayton for a Better Minnesota","08-24-2011","Individual","Oyaas, Mark J","Mpls","MN","Neerland & Oyaas","No","","250.00",
"Mark Dayton for a Better Minnesota","08-24-2011","Individual","Pohlad, Donna","Minneapolis","MN","homemaker","No","","500.00",
"Mark Dayton for a Better Minnesota","08-24-2011","Individual","Rauker, Dina","Minneapolis","MN","korn\Ferry","No","","125.00",
"Mark Dayton for a Better Minnesota","08-24-2011","Individual","Segal, Susan","Mpls","MN","City of Mpls","No","","250.00",
"Mark Dayton for a Better Minnesota","08-24-2011","Individual","Streitz, Mary","Minneapolis","MN","Dorsey & Whitney LLP","No","","250.00",
"Mark Dayton for a Better Minnesota","08-24-2011","Individual","Tiffany, Laura","Minneapolis","MN","Real Estate Agent","No","","500.00",
"Mark Dayton for a Better Minnesota","08-24-2011","Individual","Tilka, Jane","Minneapolis","MN","Mike Reed Illustration","No","","250.00",
"Mark Dayton for a Better Minnesota","08-24-2011","Individual","Weiser, Irving","Mpls","MN","Retired","No","","500.00",
"Mark Dayton for a Better Minnesota","08-24-2011","Individual","Zelle, Julie","Mpls","MN","Homemaker","No","","500.00",
"Mark Dayton for a Better Minnesota","08-26-2011","Individual","Bonoff, Terri","Minnetonka","MN","State of MN","No","","250.00",
"Mark Dayton for a Better Minnesota","08-26-2011","Individual","Jaffee, Judy","Minneapolis","MN","Homemaker","No","","500.00",
"Mark Dayton for a Better Minnesota","08-26-2011","Individual","Knopf, Matthew J","Minnetonka","MN","Dorsey & Whitney LLP","No","","250.00",
"Mark Dayton for a Better Minnesota","08-29-2011","Individual","Bailey, Cheryl","St Paul","MN","MOHPA","No","","500.00",
"Mark Dayton for a Better Minnesota","08-29-2011","Individual","Cardamone, Joseph","Minnetonka","MN","Humphrey Cancer Center","No","","200.00",
"Mark Dayton for a Better Minnesota","08-29-2011","Individual","Flynn, Thomas","Mendota Heights","MN","MN Oncology Hematology","No","","500.00",
"Mark Dayton for a Better Minnesota","08-29-2011","Individual","Gesme, Dean H","Minnetonka","MN","MOHPA","No","","250.00",
"Mark Dayton for a Better Minnesota","08-29-2011","Individual","Gorecki, Brian","Mpls","MN","Sherman Associates","No","","250.00",
"Mark Dayton for a Better Minnesota","08-29-2011","Individual","Howe, Susan","Mpls","MN","Homemaker","No","","500.00",
"Mark Dayton for a Better Minnesota","08-29-2011","Individual","Katipamula, Rajini","Rochester","MN","MN Oncology","No","","200.00",
"Mark Dayton for a Better Minnesota","08-29-2011","Individual","Mann, Stephen C","Long Lake","MN","HHH Cancer Center","No","","200.00",
"Mark Dayton for a Better Minnesota","08-29-2011","Individual","Nagargoje, Gauri G","Blaine","MN","North Memorial Health Care","No","","500.00",
"Mark Dayton for a Better Minnesota","08-29-2011","Individual","Nelson, Kimberly","Plymouth","MN","General Mills","No","","500.00",
"Mark Dayton for a Better Minnesota","08-29-2011","Individual","Rousey, Steven","Edina","MN","MN Oncology Hemotology","No","","500.00",
"Mark Dayton for a Better Minnesota","08-29-2011","Individual","Singh, Avina","Minneapolis","MN","MOHPA","No","","250.00",
"Mark Dayton for a Better Minnesota","08-29-2011","Individual","Thurmes, Paul J","Minneapolis","MN","MOHPA","No","","500.00",
"Mark Dayton for a Better Minnesota","08-31-2011","Individual","Doot, Guy","Minnetrista","MN","Mesaba Airlines","No","","500.00",
"Mark Dayton for a Better Minnesota","08-31-2011","Individual","Doot, Jennifer","Minnetrista","MN","Delta Airlines","No","","500.00",
"Mark Dayton for a Better Minnesota","08-31-2011","Individual","Fernadez, Raul","Minneapolis","MN","Mpls Radiation Oncology","No","","200.00",
"Mark Dayton for a Better Minnesota","08-31-2011","Individual","Freeman, Judy","Edina","MN","LHDL","No","","380.00",
"Mark Dayton for a Better Minnesota","08-31-2011","Individual","Haley, Michael","Minneapolis","MN","Mpls Radiation Oncology","No","","250.00",
"Mark Dayton for a Better Minnesota","08-31-2011","Individual","Harvey, Frank","Bloomington","MN","Larkin Hoffman","No","","200.00",
"Mark Dayton for a Better Minnesota","08-31-2011","Individual","Haselow, Bob","Edina","MN","Mpls Radiology","No","","500.00",
"Mark Dayton for a Better Minnesota","08-31-2011","Individual","Haselow, Justine","Edina","MN","Retired","No","","500.00",
"Mark Dayton for a Better Minnesota","08-31-2011","Individual","Herman, Jeffrey","Minnetonka","MN","Minneapolis Radiology, Oncology","No","","250.00",
"Mark Dayton for a Better Minnesota","08-31-2011","Individual","Johnson, Tracy Wessel","Shorewood","MN","not employed","No","","250.00",
"Mark Dayton for a Better Minnesota","08-31-2011","Individual","Knoll, Verne","Tonka Bay","MN","Retired","No","","500.00",
"Mark Dayton for a Better Minnesota","08-31-2011","Individual","Mendoza, Mia","Edina","MN","Fredrickson Byron","No","","500.00",
"Mark Dayton for a Better Minnesota","08-31-2011","Individual","Mendoza, Salvador","Mpls","MN","EOC Realty Partners","No","","500.00",
"Mark Dayton for a Better Minnesota","08-31-2011","Individual","Schwartzkopf, David","Rochester","MN","Mpls Radiation Oncology","No","","250.00",
"Mark Dayton for a Better Minnesota","08-31-2011","Individual","Skogstrom, David J","Minneapolis","MN","Mpls Community & Tech. College","No","","500.00",
"Mark Dayton for a Better Minnesota","08-31-2011","Individual","Skogstrom, Janice G","Mpls","MN","Retired","No","","500.00",
"Mark Dayton for a Better Minnesota","09-13-2011","Individual","Atkinson, Thomas","North Oaks","MN","Attorney","No","","250.00",
"Mark Dayton for a Better Minnesota","09-13-2011","Individual","Bratvold, Diane L","Champlin","MN","Briggs & Morgan","No","","500.00",
"Mark Dayton for a Better Minnesota","09-13-2011","Individual","Bryant, Michael  A","St. Louis Park","MN","Bradshaw & Bryant","No","","500.00",
"Mark Dayton for a Better Minnesota","09-13-2011","Individual","Burke, John","Birchwood","MN","Burke & Thomas","No","","500.00",
"Mark Dayton for a Better Minnesota","09-13-2011","Individual","Carey, John","Fairfax","MN","Sieben, Grose, Von Holtum & Carey","No","","250.00",
"Mark Dayton for a Better Minnesota","09-13-2011","Individual","Cochrane, Charles M","Roseville","MN","Cochrane Law Office","No","","250.00",
"Mark Dayton for a Better Minnesota","09-13-2011","Individual","Donnelly-Coyne, Sheila","Saint Paul","MN","Paige-Donnelly","No","","500.00",
"Mark Dayton for a Better Minnesota","09-13-2011","Individual","Edwards, Robert","Ramsey","MN","Edwards & Mazlon","No","","500.00",
"Mark Dayton for a Better Minnesota","09-13-2011","Individual","Flom, Katherine S","Excelsior","MN","Meshbesher & Spence","No","","250.00",
"Mark Dayton for a Better Minnesota","09-13-2011","Individual","Gallagher, Susan M","Mpls","MN","Gallagher Law Office","No","","200.00",
"Mark Dayton for a Better Minnesota","09-13-2011","Individual","Godlewski, Paul E","Ramsey","MN","Schwebel Goetz & Sieben","No","","250.00",
"Mark Dayton for a Better Minnesota","09-13-2011","Individual","Greeman, James","Apple Valley","MN","Greeman & Toomey","No","","250.00",
"Mark Dayton for a Better Minnesota","09-13-2011","Individual","Harper, William D","Afton","MN","Harper & Peterson, PLL C","No","","500.00",
"Mark Dayton for a Better Minnesota","09-13-2011","Individual","Hertogs, Scott","Hastings","MN","Sieben, Polk, Laverdiere & Desich","No","","250.00",
"Mark Dayton for a Better Minnesota","09-13-2011","Individual","Holden, Susan","Blaine","MN","Sieben Gross & Von Holtum","No","","500.00",
"Mark Dayton for a Better Minnesota","09-13-2011","Individual","Johnson, Michael K","North Oaks","MN","Goldenberg & Johnson","No","","200.00",
"Mark Dayton for a Better Minnesota","09-13-2011","Individual","Johnson, Thomas G","Spicer","MN","Johnson & Moody, Schmidt & Kleinbuizen","No","","500.00",
"Mark Dayton for a Better Minnesota","09-13-2011","Individual","Kingsley, Karen","St Paul","MN","Kaplan & Kingsley","No","","250.00",
"Mark Dayton for a Better Minnesota","09-13-2011","Individual","Kosieradzki, Arthur","Lakeville","MN","Sieben, Grose, Von Holtum, McCoy & Carey, Ltd","No","","250.00",
"Mark Dayton for a Better Minnesota","09-13-2011","Individual","Kunkel, Julie T","Sunfish Lake","MN","Ernst & Young LLP","No","","250.00",
"Mark Dayton for a Better Minnesota","09-13-2011","Individual","Kvas, William","Eagan","MN","Hunegs, LeNeave Et al","No","","200.00",
"Mark Dayton for a Better Minnesota","09-13-2011","Individual","La Neav, Randal","Long Lake","MN","Hunegs, LeNeave","No","","200.00",
"Mark Dayton for a Better Minnesota","09-13-2011","Individual","Lucas, Margaret","Mpls","MN","Brighton Development","No","","250.00",
"Mark Dayton for a Better Minnesota","09-13-2011","Individual","Morris, JoMarie","Rochester","MN","Klampe, Delchanty & Morris","No","","200.00",
"Mark Dayton for a Better Minnesota","09-13-2011","Individual","Neave, Courtney","Long Lake","MN","Hunegs, Stone, LeNeave","No","","200.00",
"Mark Dayton for a Better Minnesota","09-13-2011","Individual","Palmer, Ralph S.","Roseville","MN","Palmer, Cody & O'Dea","No","","200.00",
"Mark Dayton for a Better Minnesota","09-13-2011","Individual","Peterson, Paul","Woodbury","MN","Harper & Peterson","No","","500.00",
"Mark Dayton for a Better Minnesota","09-13-2011","Individual","Ploeger, Alicia","Eagan","MN","Schwebel Getz and Sieben","No","","250.00",
"Mark Dayton for a Better Minnesota","09-13-2011","Individual","Pritzker, Fred","St. Paul","MN","Pritzker & Assoc","No","","200.00",
"Mark Dayton for a Better Minnesota","09-13-2011","Individual","Riley, Peter","Wayzata","MN","Schwebel Goetz & Sieben","No","","500.00",
"Mark Dayton for a Better Minnesota","09-13-2011","Individual","Roe, Robert W","Shoreview","MN","Champion Law","No","","250.00",
"Mark Dayton for a Better Minnesota","09-13-2011","Individual","Rufer, Stephen","Fergus Falls","MN","Pemberton Sorlie Rufer Kersher","No","","250.00",
"Mark Dayton for a Better Minnesota","09-13-2011","Individual","Ruohonen, Richard","Bloomington","MN","TSR Injury Law","No","","500.00",
"Mark Dayton for a Better Minnesota","09-13-2011","Individual","Sawicki, Walter","North Oaks","MN","Tom Lyons Assoc","No","","250.00",
"Mark Dayton for a Better Minnesota","09-13-2011","Individual","Schway, Thomas","Saint Paul","MN","Law Office of Thomas Schway","No","","150.00",
"Mark Dayton for a Better Minnesota","09-13-2011","Individual","Scully, Michael F","Hastings","MN","Sieben, Grose et al","No","","200.00",
"Mark Dayton for a Better Minnesota","09-13-2011","Individual","Sieben, Harry Jr","Hastings","MN","Sieben, Grose, Von Holtum, McCoy & Carey","No","","500.00",
"Mark Dayton for a Better Minnesota","09-13-2011","Individual","Sieben, Jeffrey S","St Paul","MN","Sieben Gross Von Holtum & Carey","No","","250.00",
"Mark Dayton for a Better Minnesota","09-13-2011","Individual","Slane, Charles D","Bloomington","MN","Terry & Slane, PLLC","No","","500.00",
"Mark Dayton for a Better Minnesota","09-13-2011","Individual","Smith, Stephen","Mpls","MN","Steven Smith PLLP","No","","200.00",
"Mark Dayton for a Better Minnesota","09-13-2011","Individual","Stowman, Jeffrey","Detroit Lakes","MN","Stowman Law Firm","No","","150.00",
"Mark Dayton for a Better Minnesota","09-13-2011","Individual","Streed, Mark","Eagan","MN","Meshbesher & Spence","No","","300.00",
"Mark Dayton for a Better Minnesota","09-13-2011","Individual","Terry, Steven","Shakopee","MN","Terry & Slane","No","","500.00",
"Mark Dayton for a Better Minnesota","09-13-2011","Individual","Van Dyck, Sharon L","Mpls","MN","Van Dyck Law Firm, PLLC","No","","250.00",
"Mark Dayton for a Better Minnesota","09-13-2011","Individual","Vander Linden, James","St Louis Park","MN","LeVander & Vander Linden","No","","500.00",
"Mark Dayton for a Better Minnesota","09-13-2011","Individual","Whitney, Wheelock","Maple Plain","MN","Whitney Mgt Co","No","","250.00",
"Mark Dayton for a Better Minnesota","09-13-2011","Individual","Willer, Erik D","Minneapolis","MN","Terry, Slane and Ruohonen","No","","250.00",
"Mark Dayton for a Better Minnesota","09-13-2011","Individual","Wojtalewicz, Brian","Appleton","MN","Wojtalewicz & Holman","No","","500.00",
"Mark Dayton for a Better Minnesota","09-14-2011","Individual","Wang, Yolanda H","Maple Grove","MN","Asian Mill, Inc.","No","","250.00",
"Mark Dayton for a Better Minnesota","09-15-2011","Individual","Bergh, Kjell","Minneapolis","MN","Borton Volvo, Inc","No","","500.00",
"Mark Dayton for a Better Minnesota","09-16-2011","Individual","Mauk, lee","Minneapolis","MN","Retired","No","","250.00",
"Mark Dayton for a Better Minnesota","09-17-2011","Individual","Albrecht, Bridgit","Minneapolis","MN","Retired","No","","250.00",
"Mark Dayton for a Better Minnesota","09-17-2011","Individual","Alessio, John","Mankato","MN","MSU - Mankato","No","","200.00",
"Mark Dayton for a Better Minnesota","09-17-2011","Individual","Andrzejewski, Julie","Saint Cloud","MN","St Cloud State Univ","No","","200.00",
"Mark Dayton for a Better Minnesota","09-17-2011","Individual","Camarena-Michel, Melissa","Minneapolis","MN","MCM Design","No","","250.00",
"Mark Dayton for a Better Minnesota","09-17-2011","Individual","Carlson, James A.","Eagan","MN","State of MN","No","","150.00",
"Mark Dayton for a Better Minnesota","09-17-2011","Individual","Chen, Clayton","Hudson","WI","Westfields Hospital","No","","250.00",
"Mark Dayton for a Better Minnesota","09-17-2011","Individual","Chen, Melissa","Hudson","WI","Homemaker","No","","250.00",
"Mark Dayton for a Better Minnesota","09-17-2011","Individual","Cramer, Dan","Saint Paul","MN","Grassroots Solutions","No","","200.00",
"Mark Dayton for a Better Minnesota","09-17-2011","Individual","Davies, Jack","Minneapolis","MN","retired","No","","200.00",
"Mark Dayton for a Better Minnesota","09-17-2011","Individual","Day, Heather","Minneapolis","MN","RN Construction","No","","250.00",
"Mark Dayton for a Better Minnesota","09-17-2011","Individual","Dixon, Joseph","Mpls","MN","Henson & Efron","No","","200.00",
"Mark Dayton for a Better Minnesota","09-17-2011","Individual","Dixon, Joseph Jr","Minneapolis","MN","Self- Attorney","No","","200.00",
"Mark Dayton for a Better Minnesota","09-17-2011","Individual","Handschin, Walt","Mpls","MN","Retired","No","","200.00",
"Mark Dayton for a Better Minnesota","09-17-2011","Individual","Lake, Stephanie","Minnetonka","MN","Stephanie Lake Design","No","","200.00",
"Mark Dayton for a Better Minnesota","09-17-2011","Individual","Munnich, Lee","Mpls","MN","U of MN","No","","250.00",
"Mark Dayton for a Better Minnesota","09-17-2011","Individual","Pickett, Lowell","Minneapolis","MN","Dakota Jazz club","No","","150.00",
"Mark Dayton for a Better Minnesota","09-17-2011","Individual","Pomrenke, Stefan","Saint Paul","MN","La Clinica","No","","150.00",
"Mark Dayton for a Better Minnesota","09-17-2011","Individual","Sannes, Kimberly","Duluth","MN","Compass Rose, Inc","No","","250.00",
"Mark Dayton for a Better Minnesota","09-17-2011","Individual","Sannes, Scott","Duluth","MN","SEH","No","","250.00",
"Mark Dayton for a Better Minnesota","09-17-2011","Individual","Sipkins, Peter","Mpls","MN","Dorsey & Whitney LLP","No","","200.00",
"Mark Dayton for a Better Minnesota","09-17-2011","Individual","Smart, Cynthia","Mpls","MN","Smart Legal Assistance","Yes","","250.00",
"Mark Dayton for a Better Minnesota","09-17-2011","Individual","Smart, James Kevin","Mpls","MN","Smart Assoc","Yes","","250.00",
"Mark Dayton for a Better Minnesota","09-17-2011","Individual","Sullivan, John","Mpls","MN","Retired","No","","250.00",
"Mark Dayton for a Better Minnesota","09-17-2011","Individual","Tepley, Thomas","Moorhead","MN","Discount Shop & Store","No","","250.00",
"Mark Dayton for a Better Minnesota","09-17-2011","Individual","Weiner, Pamela","Minneapolis","MN","Psychologist","No","","200.00",
"Mark Dayton for a Better Minnesota","09-17-2011","Individual","Woodman, Stewart","Minneapolis","MN","Heidi's kitchen","No","","250.00",
"Mark Dayton for a Better Minnesota","09-19-2011","Individual","Tuchscherer, Joshua","Lakeville","MN","Sieben Polk Laverdier","No","","250.00",
"Mark Dayton for a Better Minnesota","09-26-2011","Individual","Camaron, Bill","Minneapolis","MN","Hanson & Efron","No","","200.00",
"Mark Dayton for a Better Minnesota","09-26-2011","Individual","Frillman, Lou W","Saint Paul","MN","GVA Marquette Advisors","No","","250.00",
"Mark Dayton for a Better Minnesota","10-10-2011","Individual","Amatruda, Thomas","Minneapolis","MN","MN Oncology and Hematology","No","","250.00",
"Mark Dayton for a Better Minnesota","10-10-2011","Individual","Carlson, Robin","Zimmerman","MN","Homemaker","No","","250.00",
"Mark Dayton for a Better Minnesota","10-10-2011","Individual","Morishita, Lynne","Edina","MN","Self-Obstetrics consultant","No","","250.00",
"Mark Dayton for a Better Minnesota","10-10-2011","Individual","Mottaz, Judith","Plymouth","MN","Unemployed","No","","250.00",
"Mark Dayton for a Better Minnesota","10-10-2011","Individual","Mottaz, Thomas","Plymouth","MN","Attorney","No","","250.00",
"Mark Dayton for a Better Minnesota","10-10-2011","Individual","Nygaard, Richard","Minneapolis","MN","Schwebel Goetz & Sieben","No","","250.00",
"Mark Dayton for a Better Minnesota","10-21-2011","Individual","Sheehy, John P.","Mpls","MN","Meshbesher & Spence","No","","250.00",
"Mark Dayton for a Better Minnesota","10-23-2011","Individual","Orenstein, David","Minnetonka","MN","Barnes & Thornburg","No","","200.00",
"Mark Dayton for a Better Minnesota","10-26-2011","Individual","Schultz, Karen","Minneapolis","MN","Energy Resources","No","","150.00",
"Mark Dayton for a Better Minnesota","10-26-2011","Individual","Voss, Ana","Minneapolis","MN","US Attorney","No","","200.00",
"Mark Dayton for a Better Minnesota","10-28-2011","Individual","Anselmo, Dario","Edina","MN","Fine Line Music Café","No","","200.00",
"Mark Dayton for a Better Minnesota","10-28-2011","Individual","Breon, John","Wayzata","MN","US Bancorp","No","","250.00",
"Mark Dayton for a Better Minnesota","10-28-2011","Individual","Doran, Kelly J","Edina","MN","Doran Enterprises","No","","250.00",
"Mark Dayton for a Better Minnesota","10-28-2011","Individual","Fischer, Barb","Edina","MN","Retired","No","","200.00",
"Mark Dayton for a Better Minnesota","10-28-2011","Individual","Kaplan, Gerald","Wayzata","MN","Alpha Human Services","No","","200.00",
"Mark Dayton for a Better Minnesota","10-28-2011","Individual","Lange, Amy","Mpls","MN","MN Universal Health Care Coalition","No","","150.00",
"Mark Dayton for a Better Minnesota","10-28-2011","Individual","Lynch, Leland","Mpls","MN","Retired","No","","250.00",
"Mark Dayton for a Better Minnesota","10-28-2011","Individual","Mauer, Jane K","Mpls","MN","Tartan Investment Group","No","","250.00",
"Mark Dayton for a Better Minnesota","10-28-2011","Individual","Meyer, Lisa","St Paul","MN","U of M","No","","150.00",
"Mark Dayton for a Better Minnesota","10-28-2011","Individual","Mortenson, Kathleen","Mpls","MN","Retired","No","","250.00",
"Mark Dayton for a Better Minnesota","10-28-2011","Individual","Saario, Terry","Mpls","MN","Retired","No","","250.00",
"Mark Dayton for a Better Minnesota","10-28-2011","Individual","Sanders, David","Mpls","MN","Auto Parking Business","No","","250.00",
"Mark Dayton for a Better Minnesota","10-28-2011","Individual","Tincher, Jaime","Mpls","MN","MN DFL","No","","250.00",
"Mark Dayton for a Better Minnesota","10-29-2011","Individual","Hellmich, Thomas","North Oaks","MN","U of MN","No","","200.00",
"Mark Dayton for a Better Minnesota","10-31-2011","Individual","Baradaran, Jeff","North Oaks","MN","Retired","No","","150.00",
"Mark Dayton for a Better Minnesota","10-31-2011","Individual","Baradaran, Kathleen","North Oaks","MN","Retired","No","","150.00",
"Mark Dayton for a Better Minnesota","10-31-2011","Individual","Dear, Atul","Shoreview","MN","Microsoft","No","","250.00",
"Mark Dayton for a Better Minnesota","10-31-2011","Individual","Desai-Redd, Sonal","Blaine","MN","Volunteers of America","No","","250.00",
"Mark Dayton for a Better Minnesota","10-31-2011","Individual","Gross, John","Mpls","MN","U of MN","No","","250.00",
"Mark Dayton for a Better Minnesota","10-31-2011","Individual","Gupta, Ajay","Minnetonka","MN","Ernst & Young, LLP","No","","250.00",
"Mark Dayton for a Better Minnesota","10-31-2011","Individual","McCarthy, Mary E","Minneapolis","MN","U of Mn","No","","250.00",
"Mark Dayton for a Better Minnesota","10-31-2011","Individual","Rustad, James","Saint Paul","MN","Retired","No","","250.00",
"Mark Dayton for a Better Minnesota","10-31-2011","Individual","Sinha, Akhouri","Minneapolis","MN","U of MN","No","","200.00",
"Mark Dayton for a Better Minnesota","10-31-2011","Individual","Smith, Louis","Mpls","MN","Smith & Parker Law Firm","No","","250.00",
"Mark Dayton for a Better Minnesota","10-31-2011","Individual","Wahl, Edward T","Minneapolis","MN","Careton College","No","","250.00",
"Mark Dayton for a Better Minnesota","10-31-2011","Individual","Wilhelm, D Gerald","Mpls","MN","US Got","No","","250.00",
"Mark Dayton for a Better Minnesota","10-31-2011","Individual","Wright, patrick","Saint Paul","MN","MN Sleep clinic","No","","250.00",
"Mark Dayton for a Better Minnesota","11-04-2011","Individual","Kharbanda, Anupam","Minneapolis","MN","Uof MN","No","","250.00",
"Mark Dayton for a Better Minnesota","11-04-2011","Individual","Kharbanda, Elyse","Minneapolis","MN","Pediatrician","No","","250.00",
"R T Rybak For Governor","11-10-2011","Individual","Heins, Stacey L Mills","Wayzata","MN","Heins, Mills, Olson","No","","500.00",
"Mark Dayton for a Better Minnesota","11-11-2011","Individual","Rotenberg, Amy","Mpls","MN","Crisis Consulting","No","","250.00",
"Mark Dayton for a Better Minnesota","11-11-2011","Individual","Rotenberg, Mark","Minneapolis","MN","U of Mn","No","","250.00",
"Mark Dayton for a Better Minnesota","11-18-2011","Individual","Berg, Thomas","Mpls","MN","Hinshaw & Culbertson","No","","150.00",
"Mark Dayton for a Better Minnesota","11-18-2011","Individual","Ratte, Robert","North Oaks","MN","Rum River Esquestrian Farm","No","","250.00",
"R T Rybak For Governor","11-20-2011","Individual","Heins, Samuel","Wayzata","MN","Heins Mills & Olson","No","","500.00",
"Mark Dayton for a Better Minnesota","12-01-2011","Individual","Denn, Cyril","Mankato","MN","Retired","No","","150.00",
"Mark Dayton for a Better Minnesota","12-01-2011","Individual","Hiemenz, Mark","Saint Louis Park","MN","Ameriprise Financial","No","","200.00",
"Mark Dayton for a Better Minnesota","12-01-2011","Individual","Johnson, Eric","Vadnais Heights","MN","Voice and Data Networks","No","","200.00",
"R T Rybak For Governor","12-02-2011","Individual","Werbalowsky, Jeff","Edina","MN","Houlihan, Lokey, Howard & Zukin, Inc","No","","500.00",
"Mark Dayton for a Better Minnesota","12-03-2011","Individual","Foster, Eric","Saint Paul","MN","Unemployed","No","","250.00",
"Mark Dayton for a Better Minnesota","12-05-2011","Individual","Heckler, Steve","Champlin","MN","IIMN","No","","250.00",
"Mark Dayton for a Better Minnesota","12-05-2011","Individual","Maeker, Nancy","Minneapolis","MN","MN without Proverty","No","","200.00",
"Mark Dayton for a Better Minnesota","12-06-2011","Individual","Ramalingam, Ravi K","Minneapolis","MN","General Mills","No","","200.00",
"Mark Dayton for a Better Minnesota","12-06-2011","Individual","Tolkien, Charlaine","Brooklyn Park","MN","Retired","No","","200.00",
"Mark Dayton for a Better Minnesota","12-06-2011","Individual","West, Dobson","Mpls","MN","Spell Capital Partners","No","","250.00",
"Mark Dayton for a Better Minnesota","12-07-2011","Individual","Parks, Monica","Hastings","MN","Regina Medical Center","No","","200.00",
"R T Rybak For Governor","12-08-2011","Individual","Vetter, Galen","Minneapolis","MN","Rust Companies","No","","500.00",
"Mark Dayton for a Better Minnesota","12-12-2011","Individual","Haugh, Howard","Mankato","MN","Farrish Johnson Law Firm","No","","200.00",
"Mark Dayton for a Better Minnesota","12-12-2011","Individual","O'Brien, Judith","Edina","MN","Edina Realty","No","","250.00",
"Mark Dayton for a Better Minnesota","12-13-2011","Individual","Dayton, Mary Lee","Wayzata","MN","community volunteer","No","","500.00",
"Mark Dayton for a Better Minnesota","12-14-2011","Individual","Peters, Rolf","Lakeville","MN","AgMotion Inc","No","","250.00",
"Mark Dayton for a Better Minnesota","12-14-2011","Individual","Stoltenberg, Jill","Shoreview","MN","U of MN","No","","250.00",
"Mark Dayton for a Better Minnesota","12-15-2011","Individual","Brown, Rodney","Saint Paul","MN","Lutheran Social Services","No","","200.00",
"Mark Dayton for a Better Minnesota","12-15-2011","Individual","Daly, Teresa","Burnsville","MN","Navigate Forward","No","","250.00",
"Mark Dayton for a Better Minnesota","12-15-2011","Individual","Dayton, Andrew","Minneapolis","MN","Self-Business Owner","No","","250.00",
"Mark Dayton for a Better Minnesota","12-15-2011","Individual","Eiden, Kristine","Woodbury","MN","Mpls Business College","No","","250.00",
"Mark Dayton for a Better Minnesota","12-15-2011","Individual","Hamel, Mary","Saint Paul","MN","MetroIBA","No","","200.00",
"Mark Dayton for a Better Minnesota","12-15-2011","Individual","Harpstead, Jodi","Arden Hills","MN","Lutheran Social Services","No","","250.00",
"Mark Dayton for a Better Minnesota","12-15-2011","Individual","Hawkinson, Gloria","Minneapolis","MN","Retired","No","","150.00",
"Mark Dayton for a Better Minnesota","12-15-2011","Individual","Hawkinson, Karin","Minneapolis","MN","Retired","No","","150.00",
"Mark Dayton for a Better Minnesota","12-15-2011","Individual","Kennedy, Mike","Saint Paul","MN","MN DFL","No","","250.00",
"Mark Dayton for a Better Minnesota","12-15-2011","Individual","King, Richard H","Eden Prairie","MN","Thompson Reuters","No","","500.00",
"Mark Dayton for a Better Minnesota","12-15-2011","Individual","LaBonne, Judy","Edina","MN","AAA Mpls","No","","250.00",
"Mark Dayton for a Better Minnesota","12-15-2011","Individual","Lucas, David","Minneapolis","MN","Brighton Development","No","","200.00",
"Mark Dayton for a Better Minnesota","12-15-2011","Individual","Malkerson, Bruce","Shakopee","MN","Malkerson & Martin","No","","250.00",
"Mark Dayton for a Better Minnesota","12-15-2011","Individual","Peterson, Kenneth","St Paul","MN","State of MN","No","","200.00",
"Mark Dayton for a Better Minnesota","12-15-2011","Individual","Roeder, Susan","Stillwater","MN","Anderson Corp","No","","250.00",
"Mark Dayton for a Better Minnesota","12-15-2011","Individual","Skog, Susette F","Eagan","MN","Uof M Medical Center Fairview","No","","200.00",
"Mark Dayton for a Better Minnesota","12-15-2011","Individual","Tinklenberg, Elwyn","Blaine","MN","Tinklenberg Group","No","","250.00",
"Mark Dayton for a Better Minnesota","12-17-2011","Individual","Johnson, Josie","Minneapolis","MN","Winthrop & Weinstine","No","","200.00",
"Mark Dayton for a Better Minnesota","12-19-2011","Individual","Cowles, Page Knudson","St Paul","MN","Knudsen Vineyards","No","","250.00",
"Mark Dayton for a Better Minnesota","12-19-2011","Individual","Day, Michael","Hudson","WI","Science Museum of MN","No","","250.00",
"Mark Dayton for a Better Minnesota","12-19-2011","Individual","Mooty, David","Eden Prairie","MN","Continental Golf","No","","250.00",
"Mark Dayton for a Better Minnesota","12-19-2011","Individual","Shroeer, William","Minneapolis","MN","Mpls Regional Chamber","No","","250.00",
"Mark Dayton for a Better Minnesota","12-28-2011","Individual","Fisher, William J","Mpls","MN","Gray Plant Mooty","No","","250.00",
"Mark Dayton for a Better Minnesota","12-30-2011","Individual","Kramer, Mary","Eagan","MN","Homemaker","No","","250.00",
"Mark Dayton for a Better Minnesota","12-30-2011","Individual","Nelson, Karmen","Minnetonka","MN","Allianz Life","No","","250.00",
"R T Rybak For Governor","12-30-2011","Individual","Pohlad, Rebecca C","Edina","MN","Homemaker","No","","500.00",
"R T Rybak For Governor","12-30-2011","Individual","Pohlad, Robert","Edina","MN","Pepsi Americas","No","","500.00",
"R T Rybak For Governor","12-31-2011","Individual","Hace, Roger","Minneapolis","MN","Retired","No","","500.00",
"R T Rybak For Governor","12-31-2011","Individual","Lynch, Lee Theodore","Mpls","MN","Retired","No","","500.00",
"R T Rybak For Governor","12-31-2011","Individual","Sarrio, Terry","Minneapolis","MN","Northwest Area Foundation","No","","500.00",
"R T Rybak For Governor","12-31-2011","Individual","Smith, Mason","Minneapolis","MN","Accenture","No","","500.00",
"Mark Dayton for a Better Minnesota","01-02-2011","Lobbyist","Amundson, Kristen A","Stillwater","MN","Amundson Strategies LLC","No","","500.00",
"Mark Dayton for a Better Minnesota","01-02-2011","Lobbyist","Bagnoli, Joseph T","Minneapolis","MN","McGrann Shea Anderson Carnival Straughn Lamb","No","","500.00",
"Mark Dayton for a Better Minnesota","01-02-2011","Lobbyist","Carlson, Joel ","St Paul","MN","","No","","250.00",
"Mark Dayton for a Better Minnesota","01-02-2011","Lobbyist","Cassidy, Paul D","Minneapolis","MN","Leonard, Street & Deinard PA","No","","500.00",
"Mark Dayton for a Better Minnesota","01-02-2011","Lobbyist","Derus, John E","Minneapolis","MN","St Anthony Falls Group","No","","400.00",
"Mark Dayton for a Better Minnesota","01-02-2011","Lobbyist","Ginsberg, Richard W","St Paul","MN","The Rotunda Group","No","","500.00",
"Mark Dayton for a Better Minnesota","01-02-2011","Lobbyist","Hofstede, Albert J","Minneapolis","MN","North State Advisers & Associates Inc","No","","250.00",
"Mark Dayton for a Better Minnesota","01-02-2011","Lobbyist","Hylden, Nancy","Minneapolis","MN","Faegre & Benson LLP","No","","500.00",
"Mark Dayton for a Better Minnesota","01-02-2011","Lobbyist","Idelkope, Julie A","Minneapolis","MN","Pfizer, Inc","No","","500.00",
"Mark Dayton for a Better Minnesota","01-02-2011","Lobbyist","Knapp, John A","Minneapolis","MN","Winthrop & Weinstine PA","No","","500.00",
"Mark Dayton for a Better Minnesota","01-02-2011","Lobbyist","Kozak, Andrew ","Minneapolis","MN","North State Advisers & Assoc Inc","No","","250.00",
"Mark Dayton for a Better Minnesota","01-02-2011","Lobbyist","Lawrence, Catherine A","Minneapolis","MN","Twin Cities RISE!","No","","500.00",
"Mark Dayton for a Better Minnesota","01-02-2011","Lobbyist","McMillan, David J","Duluth","MN","Minnesota Power","No","","500.00",
"Mark Dayton for a Better Minnesota","01-02-2011","Lobbyist","Radziej, David ","Roseville","MN","PIM","No","","500.00",
"Mark Dayton for a Better Minnesota","01-02-2011","Lobbyist","Rice, Brian F","Minneapolis","MN","Rice, Michels & Walther LLP","No","","500.00",
"Mark Dayton for a Better Minnesota","01-02-2011","Lobbyist","Schmidt, Diane M","St Paul","MN","Koch Companies Public Sector LLC","No","","500.00",
"Mark Dayton for a Better Minnesota","01-02-2011","Lobbyist","Tennessen, Robert J","Minneapolis","MN","Tennessen Law PLC","No","","500.00",
"Mark Dayton for a Better Minnesota","01-03-2011","Lobbyist","Almeida, Cristine ","St Paul","MN","Cristine Almeida Public Affairs LLC","No","","500.00",
"Margaret (Kelliher) for Governor","01-03-2011","Lobbyist","Bishop, Laura ","Richfield","MN","Best Buy","No","","200.00",
"Mark Dayton for a Better Minnesota","01-03-2011","Lobbyist","Erickson, James C","Minneapolis","MN","Solomon Strategies Group","No","","500.00",
"Margaret (Kelliher) for Governor","01-03-2011","Lobbyist","Knuth, Daniel J","New Brighton","MN","","No","","250.00",
"Mark Dayton for a Better Minnesota","06-02-2011","Lobbyist","Melander, Harry ","St Paul","MN","St Paul Building & Contstruction Trades Council","No","","500.00",
"Mark Dayton for a Better Minnesota","06-06-2011","Lobbyist","Donahoe, Margaret ","St Paul","MN","Minn Transportation Alliance","No","","150.00",
"Mark Dayton for a Better Minnesota","06-06-2011","Lobbyist","Gallaher, Harry ","Minneapolis","MN","Lockridge Grindal Nauen PLLP","No","","250.00",
"Mark Dayton for a Better Minnesota","06-06-2011","Lobbyist","Grindal, H Theodore ","Minneapolis","MN","Lockridge Grindal Nauen PLLP","No","","500.00",
"Mark Dayton for a Better Minnesota","06-06-2011","Lobbyist","Larson, Daniel G","Minneapolis","MN","Lockridge Grindal Nauen PLLP","No","","250.00",
"Mark Dayton for a Better Minnesota","06-06-2011","Lobbyist","Madigan, Michael D","Minneapolis","MN","Mai=digan Dahl & Harlan","No","","500.00",
"Mark Dayton for a Better Minnesota","06-06-2011","Lobbyist","Wilhelmi, Michael S","Stillwater","MN","Wilhelmi Government Affairs Inc","No","","150.00",
"Mark Dayton for a Better Minnesota","06-09-2011","Lobbyist","Johnson, David H","Minneapolis","MN","Best & Flanagan LLP","No","","500.00",
"Mark Dayton for a Better Minnesota","06-12-2011","Lobbyist","Cox, Barbara H","St Paul","MN","Health Partners Inc","No","","250.00",
"Mark Dayton for a Better Minnesota","06-12-2011","Lobbyist","Flaherty, Timothy P","St Paul","MN","Flaherty & Hood PA","No","","500.00",
"Mark Dayton for a Better Minnesota","06-12-2011","Lobbyist","Halloran, Brian","Minneapolis","MN","Redmond Associates Inc","No","","500.00",
"Mark Dayton for a Better Minnesota","06-12-2011","Lobbyist","Jorgensen, Julie","Wayzata","MN","Excelsior Energy","No","","500.00",
"Mark Dayton for a Better Minnesota","06-12-2011","Lobbyist","Micheletti, Thomas A","Minneapolis","MN","Excelsior Energy Inc","No","","500.00",
"Mark Dayton for a Better Minnesota","06-12-2011","Lobbyist","Redmond, Lawrence M","Minneapolis","MN","Redmond Associates Inc","No","","500.00",
"Mark Dayton for a Better Minnesota","06-12-2011","Lobbyist","Stoesz, Sarah A","Minneapolis","MN","Planned Parenthood of MN Action Fund","No","","500.00",
"Mark Dayton for a Better Minnesota","06-22-2011","Lobbyist","Coyle, Peter J","Bloomington","MN","Larkin Hoffman Daly & Lindgren Ltd","No","","250.00",
"Mark Dayton for a Better Minnesota","06-22-2011","Lobbyist","Diehl, John E","Bloomington","MN","Larkin Hoffman Daly & Lindgren Ltd","No","","500.00",
"Mark Dayton for a Better Minnesota","06-22-2011","Lobbyist","Griffith, William C","Bloomington","MN","Larkin Hoffman Daly & Lindgren Ltd","No","","200.00",
"Mark Dayton for a Better Minnesota","06-22-2011","Lobbyist","Perrus, Julie L","Bloomington","MN","Larkin Hoffman Daly & Lindgren Ltd","Yes","","185.91",
"Mark Dayton for a Better Minnesota","06-22-2011","Lobbyist","Seck, Gerald L","Bloomington","MN","Larkin, Hoffman, Daly & Lindgren Ltd","No","","500.00",
"Mark Dayton for a Better Minnesota","07-15-2011","Lobbyist","Larson, Peder A","Bloomington","MN","Larkin Hoffman Daly & Lindgren Ltd","No","","250.00",
"Mark Dayton for a Better Minnesota","08-11-2011","Lobbyist","Kramer, Ross E","St Paul","MN","Messerli & Kramer PA","No","","500.00",
"Mark Dayton for a Better Minnesota","08-11-2011","Lobbyist","Poul, Thomas J","St Paul","MN","Messerli & Kramer PA","No","","450.00",
"Mark Dayton for a Better Minnesota","08-29-2011","Lobbyist","Vanasek, Robert (Bob) E","New Prague","MN","Vanasek & Associates","No","","150.00",
"Mark Dayton for a Better Minnesota","08-31-2011","Lobbyist","Erickson, Tara Garman ","St Paul","MN","TGE Consulting","No","","250.00",
"Mark Dayton for a Better Minnesota","08-31-2011","Lobbyist","Kaul Jr, John ","Afton","MN","Capital Gains Inc","No","","500.00",
"Mark Dayton for a Better Minnesota","08-31-2011","Lobbyist","Moe, Roger D","Erskine","MN","","No","","300.00",
"Mark Dayton for a Better Minnesota","08-31-2011","Lobbyist","Novak, Steven G","Blaine","MN","Palmer & Cay","No","","200.00",
"Mark Dayton for a Better Minnesota","09-17-2011","Lobbyist","Avner, Marcia ","St Paul","MN","Minn Council of Nonprofits","No","","200.00",
"Mark Dayton for a Better Minnesota","10-24-2011","Lobbyist","Klingel, Todd E","Minneapolis","MN","Mpls Chamber of Comm","No","","200.00",
"Mark Dayton for a Better Minnesota","12-15-2011","Lobbyist","Hottinger, John C","St Paul","MN","Hottinger Consulting Inc","No","","250.00",
"Mark Dayton for a Better Minnesota","12-15-2011","Lobbyist","Junge, Ember Reichgott ","Minneapolis","MN","Lutheran Social Service of MN","No","","200.00",
"Mark Dayton for a Better Minnesota","12-15-2011","Lobbyist","McFarlin, Robert J","St Paul","MN","Twin Metals Minnesota LLC","No","","250.00",
"Mark Dayton for a Better Minnesota","06-23-2011","Unknown","Zila, Douglas A House Dist. 35A Committee","Prior Lake","MN","","No","","500.00",
"Mark Dayton for a Better Minnesota","01-02-2011","Political Committee","Amalgamated Transit Union Local 1005","Minneapolis","MN","","No","","500.00",
"Mark Dayton for a Better Minnesota","01-02-2011","Political Committee","Faegre Baker Daniels State-Reg Pol Fund (fka Faegre & Benson LLP)","Minneapolis","MN","","No","","500.00",
"Mark Dayton for a Better Minnesota","01-02-2011","Political Committee","IBEW Local 292 Political Education Fund","Minneapolis","MN","","No","","500.00",
"Mark Dayton for a Better Minnesota","01-02-2011","Political Committee","Laborers District Council of Minn & ND Pol Fund","St Paul","MN","","No","","500.00",
"Mark Dayton for a Better Minnesota","01-02-2011","Political Committee","Minn Hospital PAC","Minneapolis","MN","","No","","500.00",
"Mark Dayton for a Better Minnesota","01-02-2011","Political Committee","TRIAL-PAC","Minneapolis","MN","","No","","500.00",
"Mark Dayton for a Better Minnesota","01-03-2011","Political Committee","Dorsey Political Fund","Minneapolis","MN","","No","","500.00",
"Mark Dayton for a Better Minnesota","01-03-2011","Political Committee","Leonard Street and Deinard PAC","Minneapolis","MN","","No","","500.00",
"Margaret (Kelliher) for Governor","01-03-2011","Political Committee","MAPE-PAC","Shoreview","MN","","No","","500.00",
"Margaret (Kelliher) for Governor","01-03-2011","Political Committee","Sheet Metal Workers PAC 10","Maplewood","MN","","No","","500.00",
"Margaret (Kelliher) for Governor","01-03-2011","Political Committee","UTU PAC-MN","St Paul","MN","","No","","250.00",
"Mark Dayton for a Better Minnesota","06-06-2011","Political Committee","Beer PAC-Minn Beer Wholesalers Assoc","Eden Prairie","MN","","No","","500.00",
"Mark Dayton for a Better Minnesota","06-06-2011","Political Committee","Lockridge Grindal Nauen PLLP State Pol Fnd","Minneapolis","MN","","No","","400.00",
"Mark Dayton for a Better Minnesota","06-06-2011","Political Committee","MMGMA PAC","Minneapolis","MN","","No","","250.00",
"Mark Dayton for a Better Minnesota","06-06-2011","Political Committee","VET-PAC of Minn","South St Paul","MN","","No","","250.00",
"Mark Dayton for a Better Minnesota","06-09-2011","Political Committee","Committee of Nine PAC","St Paul","MN","","No","","500.00",
"Mark Dayton for a Better Minnesota","06-09-2011","Political Committee","Minn Professional Fire Fighters PAC","St Louis Park","MN","","No","","500.00",
"Mark Dayton for a Better Minnesota","06-09-2011","Political Committee","Minn State Patrol Troopers Assoc","Brooklyn Park","MN","","No","","500.00",
"Mark Dayton for a Better Minnesota","06-09-2011","Political Committee","Minneapolis Firefighters Fraternal Assn (fka Relief Assn Pol Fund)","Minneapolis","MN","","No","","500.00",
"Mark Dayton for a Better Minnesota","06-09-2011","Political Committee","Minneapolis Police Relief Assoc","Minneapolis","MN","","No","","500.00",
"Mark Dayton for a Better Minnesota","06-09-2011","Political Committee","Minneapolis Retired Police Assoc Political Fund","Minneapolis","MN","","No","","500.00",
"Mark Dayton for a Better Minnesota","06-09-2011","Political Committee","Police Officers Fed of Mpls Contingency Fund","Minneapolis","MN","","No","","500.00",
"Mark Dayton for a Better Minnesota","06-09-2011","Political Committee","Rice Michels & Walther LLP Political Fund","Minneapolis","MN","","No","","500.00",
"Mark Dayton for a Better Minnesota","06-09-2011","Political Committee","St Paul Firefighters Local 21 Political Action Committee","St Paul","MN","","No","","500.00",
"Mark Dayton for a Better Minnesota","06-09-2011","Political Committee","Volunteer Fire Fighter Political Committee","Spring Lake Park","MN","","No","","200.00",
"Mark Dayton for a Better Minnesota","06-12-2011","Political Committee","International Union of Operating Engineers","Minneapolis","MN","","No","","500.00",
"Mark Dayton for a Better Minnesota","06-12-2011","Political Committee","Joint Council 32 DRIVE","Minneapolis","MN","","No","","500.00",
"Mark Dayton for a Better Minnesota","06-12-2011","Political Committee","Minn State Council of UNITE HERE Unions","Minneapolis","MN","","No","","500.00",
"Mark Dayton for a Better Minnesota","06-12-2011","Political Committee","Minneapolis Regional Labor Federation","Minneapolis","MN","","No","","500.00",
"Mark Dayton for a Better Minnesota","06-22-2011","Political Committee","Larkin Hoffman Political Fund","Bloomington","MN","","No","","500.00",
"Mark Dayton for a Better Minnesota","06-23-2011","Political Committee","Education Minn PAC","St Paul","MN","","No","","500.00",
"Mark Dayton for a Better Minnesota","06-23-2011","Political Committee","Firefighters Assoc of Mpls Political Fund","Minneapolis","MN","","No","","500.00",
"Mark Dayton for a Better Minnesota","07-15-2011","Political Committee","North Central States Carpenters PAC","St Paul","MN","","No","","500.00",
"Mark Dayton for a Better Minnesota","07-26-2011","Political Committee","UTU PAC-MN","St Paul","MN","","No","","500.00",
"Mark Dayton for a Better Minnesota","08-12-2011","Political Committee","Friends of the Minn Zoo","St Paul","MN","","No","","500.00",
"Mark Dayton for a Better Minnesota","08-12-2011","Political Committee","Messerli & Kramer Political Action Comm","St Paul","MN","","No","","500.00",
"Mark Dayton for a Better Minnesota","08-24-2011","Political Committee","Hammel Green & Abrahamson Inc PAC","Minneapolis","MN","","No","","250.00",
"Mark Dayton for a Better Minnesota","08-24-2011","Political Committee","Minneapolis Downtown Council PAC","Minneapolis","MN","","No","","500.00",
"Mark Dayton for a Better Minnesota","08-29-2011","Political Committee","MOHPA PAC","St Paul","MN","","No","","500.00",
"Mark Dayton for a Better Minnesota","09-13-2011","Political Committee","RKM&C Fund","Minneapolis","MN","","No","","500.00",
"Becky Lourey for Governor","12-30-2011","Political Committee","Coalition for Democratic Values","Grand Marais","MN","","No","","500.00",
