mapkey,countyname,PrezWin2008,RomneyVotes,RomneyPct,ObamaVotes,ObamaPct,OtherVotes,leader,leaderPct,leaderParty,leaderVotes,Status,no_precincts,total_prec,rec_time,colorcode
27001,Aitkin,Obama (D),4533,0.4958,4412,0.4826,197,MITT ROMNEY AND PAUL RYAN,0.4958,R,4533,W,54,54,11/8/2012,#FCAE91
27003,Anoka,McCain (R),93430,0.5011,88611,0.4752,4420,MITT ROMNEY AND PAUL RYAN,0.5011,R,93430,W,127,127,11/8/2012,#FCAE91
27005,Becker,McCain (R),9204,0.5618,6829,0.4169,349,MITT ROMNEY AND PAUL RYAN,0.5618,R,9204,W,48,48,11/8/2012,#FB6A4A
27007,Beltrami,Obama (D),9637,0.437,11818,0.5359,596,BARACK OBAMA AND JOE BIDEN,0.5359,DFL,11818,W,62,62,11/8/2012,#BDD7E7
27009,Benton,McCain (R),10849,0.553,8173,0.4166,597,MITT ROMNEY AND PAUL RYAN,0.553,R,10849,W,27,27,11/8/2012,#FB6A4A
27011,Big Stone,Obama (D),1385,0.4966,1345,0.4823,59,MITT ROMNEY AND PAUL RYAN,0.4966,R,1385,W,23,23,11/8/2012,#FCAE91
27013,Blue Earth,Obama (D),14916,0.4352,18164,0.53,1194,BARACK OBAMA AND JOE BIDEN,0.53,DFL,18164,W,53,53,11/8/2012,#BDD7E7
27015,Brown,McCain (R),7934,0.5698,5630,0.4043,361,MITT ROMNEY AND PAUL RYAN,0.5698,R,7934,W,32,32,11/8/2012,#FB6A4A
27017,Carlton,Obama (D),6586,0.3572,11389,0.6178,461,BARACK OBAMA AND JOE BIDEN,0.6178,DFL,11389,W,39,39,11/8/2012,#6BAED6
27019,Carver,McCain (R),31155,0.589,20745,0.3922,999,MITT ROMNEY AND PAUL RYAN,0.589,R,31155,W,35,35,11/8/2012,#FB6A4A
27021,Cass,McCain (R),8957,0.5549,6858,0.4249,326,MITT ROMNEY AND PAUL RYAN,0.5549,R,8957,W,73,73,11/8/2012,#FB6A4A
27023,Chippewa,Obama (D),2967,0.4785,3083,0.4972,151,BARACK OBAMA AND JOE BIDEN,0.4972,DFL,3083,W,24,24,11/8/2012,#BDD7E7
27025,Chisago,McCain (R),16227,0.5512,12524,0.4254,690,MITT ROMNEY AND PAUL RYAN,0.5512,R,16227,W,23,23,11/8/2012,#FB6A4A
27027,Clay,Obama (D),12920,0.4473,15208,0.5265,758,BARACK OBAMA AND JOE BIDEN,0.5265,DFL,15208,W,57,57,11/8/2012,#BDD7E7
27029,Clearwater,McCain (R),2359,0.5621,1753,0.4177,85,MITT ROMNEY AND PAUL RYAN,0.5621,R,2359,W,29,29,11/8/2012,#FB6A4A
27031,Cook,Obama (D),1221,0.3675,1993,0.5999,108,BARACK OBAMA AND JOE BIDEN,0.5999,DFL,1993,W,13,13,11/8/2012,#6BAED6
27033,Cottonwood,McCain (R),3316,0.5657,2433,0.415,113,MITT ROMNEY AND PAUL RYAN,0.5657,R,3316,W,29,29,11/8/2012,#FB6A4A
27035,Crow Wing,McCain (R),19415,0.556,14760,0.4227,745,MITT ROMNEY AND PAUL RYAN,0.556,R,19415,W,64,64,11/8/2012,#FB6A4A
27037,Dakota,Obama (D),109514,0.4745,116252,0.5037,5049,BARACK OBAMA AND JOE BIDEN,0.5037,DFL,116252,W,140,140,11/8/2012,#BDD7E7
27039,Dodge,McCain (R),5522,0.5348,4487,0.4346,316,MITT ROMNEY AND PAUL RYAN,0.5348,R,5522,W,22,22,11/8/2012,#FCAE91
27041,Douglas,McCain (R),11905,0.5673,8665,0.4129,416,MITT ROMNEY AND PAUL RYAN,0.5673,R,11905,W,37,37,11/8/2012,#FB6A4A
27043,Faribault,McCain (R),4104,0.5321,3407,0.4417,202,MITT ROMNEY AND PAUL RYAN,0.5321,R,4104,W,33,33,11/8/2012,#FCAE91
27045,Fillmore,Obama (D),4913,0.4511,5713,0.5245,266,BARACK OBAMA AND JOE BIDEN,0.5245,DFL,5713,W,37,37,11/8/2012,#BDD7E7
27047,Freeborn,Obama (D),6969,0.4172,9326,0.5582,411,BARACK OBAMA AND JOE BIDEN,0.5582,DFL,9326,W,40,40,11/8/2012,#6BAED6
27049,Goodhue,McCain (R),12986,0.5033,12212,0.4733,603,MITT ROMNEY AND PAUL RYAN,0.5033,R,12986,W,40,40,11/8/2012,#FCAE91
27051,Grant,Obama (D),1748,0.5013,1647,0.4723,92,MITT ROMNEY AND PAUL RYAN,0.5013,R,1748,W,23,23,11/8/2012,#FCAE91
27053,Hennepin,Obama (D),239369,0.3551,419047,0.6216,15742,BARACK OBAMA AND JOE BIDEN,0.6216,DFL,419047,L,402,405,11/8/2012,#6BAED6
27055,Houston,Obama (D),4951,0.474,5281,0.5056,214,BARACK OBAMA AND JOE BIDEN,0.5056,DFL,5281,W,27,27,11/8/2012,#BDD7E7
27057,Hubbard,McCain (R),6622,0.5748,4676,0.4059,222,MITT ROMNEY AND PAUL RYAN,0.5748,R,6622,W,38,38,11/8/2012,#FB6A4A
27059,Isanti,McCain (R),11675,0.5775,8024,0.3969,518,MITT ROMNEY AND PAUL RYAN,0.5775,R,11675,W,18,18,11/8/2012,#FB6A4A
27061,Itasca,Obama (D),10500,0.439,12852,0.5373,566,BARACK OBAMA AND JOE BIDEN,0.5373,DFL,12852,W,80,80,11/8/2012,#BDD7E7
27063,Jackson,McCain (R),3044,0.5606,2268,0.4177,118,MITT ROMNEY AND PAUL RYAN,0.5606,R,3044,W,28,28,11/8/2012,#FB6A4A
27065,Kanabec,McCain (R),4328,0.531,3593,0.4409,229,MITT ROMNEY AND PAUL RYAN,0.531,R,4328,W,20,20,11/8/2012,#FCAE91
27067,Kandiyohi,McCain (R),11239,0.5236,9806,0.4568,420,MITT ROMNEY AND PAUL RYAN,0.5236,R,11239,W,48,48,11/8/2012,#FCAE91
27069,Kittson,Obama (D),1095,0.4529,1241,0.5132,82,BARACK OBAMA AND JOE BIDEN,0.5132,DFL,1241,W,39,39,11/8/2012,#BDD7E7
27071,Koochiching,Obama (D),2841,0.4399,3451,0.5344,166,BARACK OBAMA AND JOE BIDEN,0.5344,DFL,3451,W,22,22,11/8/2012,#BDD7E7
27073,Lac Qui Parle,Obama (D),1938,0.4864,1974,0.4955,72,BARACK OBAMA AND JOE BIDEN,0.4955,DFL,1974,W,29,29,11/8/2012,#BDD7E7
27075,Lake,Obama (D),2610,0.3829,4043,0.5931,164,BARACK OBAMA AND JOE BIDEN,0.5931,DFL,4043,W,19,19,11/8/2012,#6BAED6
27077,Lake Of The Woods,McCain (R),1306,0.5846,859,0.3845,69,MITT ROMNEY AND PAUL RYAN,0.5846,R,1306,W,17,17,11/8/2012,#FB6A4A
27079,Le Sueur,McCain (R),7714,0.5214,6753,0.4565,327,MITT ROMNEY AND PAUL RYAN,0.5214,R,7714,W,27,27,11/8/2012,#FCAE91
27081,Lincoln,Obama (D),1594,0.5112,1428,0.458,96,MITT ROMNEY AND PAUL RYAN,0.5112,R,1594,W,20,20,11/8/2012,#FCAE91
27083,Lyon,McCain (R),6595,0.5323,5465,0.4411,329,MITT ROMNEY AND PAUL RYAN,0.5323,R,6595,W,33,33,11/8/2012,#FCAE91
27085,Mcleod,McCain (R),11067,0.5967,6964,0.3755,516,MITT ROMNEY AND PAUL RYAN,0.5967,R,11067,W,28,28,11/8/2012,#FB6A4A
27087,Mahnomen,Obama (D),871,0.3992,1276,0.5848,35,BARACK OBAMA AND JOE BIDEN,0.5848,DFL,1276,W,19,19,11/8/2012,#6BAED6
27089,Marshall,Obama (D),2569,0.5468,1998,0.4253,131,MITT ROMNEY AND PAUL RYAN,0.5468,R,2569,W,61,61,11/8/2012,#FCAE91
27091,Martin,McCain (R),6657,0.6069,4054,0.3696,257,MITT ROMNEY AND PAUL RYAN,0.6069,R,6657,W,37,37,11/8/2012,#FB6A4A
27093,Meeker,McCain (R),6915,0.5661,4969,0.4068,332,MITT ROMNEY AND PAUL RYAN,0.5661,R,6915,W,30,30,11/8/2012,#FB6A4A
27095,Mille Lacs,McCain (R),6951,0.531,5829,0.4453,311,MITT ROMNEY AND PAUL RYAN,0.531,R,6951,W,25,25,11/8/2012,#FCAE91
27097,Morrison,McCain (R),10159,0.6078,6153,0.3681,402,MITT ROMNEY AND PAUL RYAN,0.6078,R,10159,W,48,48,11/8/2012,#FB6A4A
27099,Mower,Obama (D),6938,0.3742,11129,0.6003,472,BARACK OBAMA AND JOE BIDEN,0.6003,DFL,11129,W,39,39,11/8/2012,#6BAED6
27101,Murray,Obama (D),2504,0.5253,2160,0.4531,103,MITT ROMNEY AND PAUL RYAN,0.5253,R,2504,W,29,29,11/8/2012,#FCAE91
27103,Nicollet,Obama (D),8212,0.4474,9653,0.5259,491,BARACK OBAMA AND JOE BIDEN,0.5259,DFL,9653,W,28,28,11/8/2012,#BDD7E7
27105,Nobles,McCain (R),4581,0.5377,3793,0.4452,146,MITT ROMNEY AND PAUL RYAN,0.5377,R,4581,W,40,40,11/8/2012,#FCAE91
27107,Norman,Obama (D),1384,0.4316,1730,0.5394,93,BARACK OBAMA AND JOE BIDEN,0.5394,DFL,1730,W,33,33,11/8/2012,#BDD7E7
27109,Olmsted,Obama (D),36837,0.4703,39341,0.5023,2146,BARACK OBAMA AND JOE BIDEN,0.5023,DFL,39341,W,84,84,11/8/2012,#BDD7E7
27111,Otter Tail,McCain (R),18860,0.5955,12165,0.3841,645,MITT ROMNEY AND PAUL RYAN,0.5955,R,18860,W,91,91,11/8/2012,#FB6A4A
27113,Pennington,Obama (D),3304,0.5071,3024,0.4641,188,MITT ROMNEY AND PAUL RYAN,0.5071,R,3304,W,31,31,11/8/2012,#FCAE91
27115,Pine,Obama (D),6845,0.4902,6750,0.4834,370,MITT ROMNEY AND PAUL RYAN,0.4902,R,6845,W,48,48,11/8/2012,#FCAE91
27117,Pipestone,McCain (R),2826,0.6083,1725,0.3713,95,MITT ROMNEY AND PAUL RYAN,0.6083,R,2826,W,22,22,11/8/2012,#FB6A4A
27119,Polk,Obama (D),7615,0.5183,6773,0.461,305,MITT ROMNEY AND PAUL RYAN,0.5183,R,7615,W,82,82,11/8/2012,#FCAE91
27121,Pope,Obama (D),3142,0.503,2981,0.4773,123,MITT ROMNEY AND PAUL RYAN,0.503,R,3142,W,31,31,11/8/2012,#FCAE91
27123,Ramsey,Obama (D),86799,0.3113,184936,0.6633,7086,BARACK OBAMA AND JOE BIDEN,0.6633,DFL,184936,W,172,172,11/8/2012,#08519C
27125,Red Lake,Obama (D),978,0.4952,928,0.4699,69,MITT ROMNEY AND PAUL RYAN,0.4952,R,978,W,21,21,11/8/2012,#FCAE91
27127,Redwood,McCain (R),4571,0.5867,3008,0.3861,212,MITT ROMNEY AND PAUL RYAN,0.5867,R,4571,W,43,43,11/8/2012,#FB6A4A
27129,Renville,McCain (R),4149,0.5381,3394,0.4402,167,MITT ROMNEY AND PAUL RYAN,0.5381,R,4149,W,38,38,11/8/2012,#FCAE91
27131,Rice,Obama (D),14384,0.4458,17054,0.5285,829,BARACK OBAMA AND JOE BIDEN,0.5285,DFL,17054,W,31,31,11/8/2012,#BDD7E7
27133,Rock,McCain (R),2810,0.5799,1946,0.4016,90,MITT ROMNEY AND PAUL RYAN,0.5799,R,2810,W,24,24,11/8/2012,#FB6A4A
27135,Roseau,McCain (R),4409,0.5997,2772,0.377,171,MITT ROMNEY AND PAUL RYAN,0.5997,R,4409,W,44,44,11/8/2012,#FB6A4A
27137,St. Louis,Obama (D),39122,0.3385,73359,0.6348,3080,BARACK OBAMA AND JOE BIDEN,0.6348,DFL,73359,W,177,177,11/8/2012,#6BAED6
27139,Scott,McCain (R),40321,0.5628,29714,0.4147,1612,MITT ROMNEY AND PAUL RYAN,0.5628,R,40321,W,46,46,11/8/2012,#FB6A4A
27141,Sherburne,McCain (R),27848,0.5988,17597,0.3784,1064,MITT ROMNEY AND PAUL RYAN,0.5988,R,27848,W,35,35,11/8/2012,#FB6A4A
27143,Sibley,McCain (R),4693,0.6005,2916,0.3731,206,MITT ROMNEY AND PAUL RYAN,0.6005,R,4693,W,25,25,11/8/2012,#FB6A4A
27145,Stearns,McCain (R),43015,0.5481,33551,0.4275,1911,MITT ROMNEY AND PAUL RYAN,0.5481,R,43015,W,100,100,11/8/2012,#FCAE91
27147,Steele,McCain (R),9903,0.5179,8706,0.4553,514,MITT ROMNEY AND PAUL RYAN,0.5179,R,9903,W,26,26,11/8/2012,#FCAE91
27149,Stevens,Obama (D),2766,0.4894,2742,0.4851,144,MITT ROMNEY AND PAUL RYAN,0.4894,R,2766,W,26,26,11/8/2012,#FCAE91
27151,Swift,Obama (D),2248,0.4391,2751,0.5374,120,BARACK OBAMA AND JOE BIDEN,0.5374,DFL,2751,W,30,30,11/8/2012,#BDD7E7
27153,Todd,McCain (R),6719,0.5693,4819,0.4083,265,MITT ROMNEY AND PAUL RYAN,0.5693,R,6719,W,40,40,11/8/2012,#FB6A4A
27155,Traverse,Obama (D),860,0.4661,942,0.5106,43,BARACK OBAMA AND JOE BIDEN,0.5106,DFL,942,W,20,20,11/8/2012,#BDD7E7
27157,Wabasha,McCain (R),6049,0.5142,5415,0.4603,299,MITT ROMNEY AND PAUL RYAN,0.5142,R,6049,W,33,33,11/8/2012,#FCAE91
27159,Wadena,McCain (R),4143,0.6101,2492,0.367,156,MITT ROMNEY AND PAUL RYAN,0.6101,R,4143,W,25,25,11/8/2012,#FB6A4A
27161,Waseca,McCain (R),5116,0.5249,4370,0.4483,261,MITT ROMNEY AND PAUL RYAN,0.5249,R,5116,W,22,22,11/8/2012,#FCAE91
27163,Washington,Obama (D),69137,0.4864,70203,0.4939,2793,BARACK OBAMA AND JOE BIDEN,0.4939,DFL,70203,W,89,89,11/8/2012,#BDD7E7
27165,Watonwan,Obama (D),2517,0.4893,2494,0.4848,133,MITT ROMNEY AND PAUL RYAN,0.4893,R,2517,W,21,21,11/8/2012,#FCAE91
27167,Wilkin,McCain (R),1884,0.5847,1258,0.3904,80,MITT ROMNEY AND PAUL RYAN,0.5847,R,1884,W,32,32,11/8/2012,#FB6A4A
27169,Winona,Obama (D),11480,0.4216,14980,0.5501,772,BARACK OBAMA AND JOE BIDEN,0.5501,DFL,14980,W,49,49,11/8/2012,#6BAED6
27171,Wright,McCain (R),40426,0.5963,25700,0.3791,1673,MITT ROMNEY AND PAUL RYAN,0.5963,R,40426,W,43,43,11/8/2012,#FB6A4A
27173,Yellow Medicine,Obama (D),2806,0.5183,2465,0.4553,143,MITT ROMNEY AND PAUL RYAN,0.5183,R,2806,W,30,30,11/8/2012,#FCAE91
