cnty_code,CountyName,FullCountyName,metro,Bellweather,Population08,MedianInc08,Winner2008,Party08,votes08,PctVote08,strength08,color08,mapkey
01,Aitkin,"Aitkin County, Minnesota",non-metro,no,16392,37907,Obama,DFL,4595,0.48831,DFL - Weak,#BDD7E7,27001
02,Anoka,"Anoka County, Minnesota",metro,yes,328097,66797,McCain,R,91357,0.501339,R - Weak,#FCAE91,27003
03,Becker,"Becker County, Minnesota",non-metro,no,32336,42255,McCain,R,8851,0.521721,R - Weak,#FCAE91,27005
04,Beltrami,"Beltrami County, Minnesota",non-metro,no,43521,40287,Obama,DFL,12019,0.54052,DFL - Weak,#BDD7E7,27007
05,Benton,"Benton County, Minnesota",non-metro,yes,39494,49600,McCain,R,10338,0.534623,R - Weak,#FCAE91,27009
06,Big Stone,"Big Stone County, Minnesota",non-metro,no,5373,38844,Obama,DFL,1552,0.519064,DFL - Weak,#BDD7E7,27011
07,Blue Earth,"Blue Earth County, Minnesota",non-metro,no,58609,46038,Obama,DFL,19325,0.551041,DFL - Moderate,#6BAED6,27013
08,Brown,"Brown County, Minnesota",non-metro,no,26392,47776,McCain,R,7454,0.547404,R - Weak,#FCAE91,27015
09,Carlton,"Carlton County, Minnesota",non-metro,no,34604,46233,Obama,DFL,11501,0.623394,DFL - Moderate,#6BAED6,27017
10,Carver,"Carver County, Minnesota",non-metro,no,88472,76868,McCain,R,28158,0.56673,R - Moderate,#FB6A4A,27019
11,Cass,"Cass County, Minnesota",non-metro,yes,29203,42471,McCain,R,8660,0.53106,R - Weak,#FCAE91,27021
12,Chippewa,"Chippewa County, Minnesota",non-metro,no,12592,42269,Obama,DFL,3277,0.515901,DFL - Weak,#BDD7E7,27023
13,Chisago,"Chisago County, Minnesota",non-metro,yes,51691,61263,McCain,R,15788,0.538784,R - Weak,#FCAE91,27025
14,Clay,"Clay County, Minnesota",non-metro,no,54240,45314,Obama,DFL,16666,0.569603,DFL - Moderate,#6BAED6,27027
15,Clearwater,"Clearwater County, Minnesota",non-metro,yes,8435,35946,McCain,R,2291,0.537667,R - Weak,#FCAE91,27029
16,Cook,"Cook County, Minnesota",non-metro,no,5395,43149,Obama,DFL,2019,0.603047,DFL - Moderate,#6BAED6,27031
17,Cottonwood,"Cottonwood County, Minnesota",non-metro,no,11676,39505,McCain,R,3157,0.523028,R - Weak,#FCAE91,27033
18,Crow Wing,"Crow Wing County, Minnesota",non-metro,yes,61091,44701,McCain,R,18566,0.527983,R - Weak,#FCAE91,27035
19,Dakota,"Dakota County, Minnesota",metro,yes,391735,71467,Obama,DFL,116778,0.517925,DFL - Weak,#BDD7E7,27037
20,Dodge,"Dodge County, Minnesota",non-metro,no,20047,58055,McCain,R,5468,0.535396,R - Weak,#FCAE91,27039
21,Douglas,"Douglas County, Minnesota",non-metro,no,35582,45657,McCain,R,11241,0.53741,R - Weak,#FCAE91,27041
22,Faribault,"Faribault County, Minnesota",non-metro,no,15202,42398,McCain,R,4197,0.51478,R - Weak,#FCAE91,27043
23,Fillmore,"Fillmore County, Minnesota",non-metro,no,21305,44742,Obama,DFL,5921,0.527061,DFL - Weak,#BDD7E7,27045
24,Freeborn,"Freeborn County, Minnesota",non-metro,no,31560,43569,Obama,DFL,9915,0.573785,DFL - Moderate,#6BAED6,27047
25,Goodhue,"Goodhue County, Minnesota",non-metro,yes,45856,56612,McCain,R,12775,0.495251,R - Weak,#FCAE91,27049
26,Grant,"Grant County, Minnesota",non-metro,yes,6037,41083,Obama,DFL,1850,0.513176,DFL - Weak,#BDD7E7,27051
27,Hennepin,"Hennepin County, Minnesota",metro,no,1126311,60887,Obama,DFL,420924,0.634183,DFL - Moderate,#6BAED6,27053
28,Houston,"Houston County, Minnesota",non-metro,no,19894,48356,Obama,DFL,5906,0.542681,DFL - Weak,#BDD7E7,27055
29,Hubbard,"Hubbard County, Minnesota",non-metro,yes,18929,42376,McCain,R,6559,0.563536,R - Moderate,#FB6A4A,27057
30,Isanti,"Isanti County, Minnesota",non-metro,yes,39303,58397,McCain,R,11325,0.564725,R - Moderate,#FB6A4A,27059
31,Itasca,"Itasca County, Minnesota",non-metro,no,44184,42638,Obama,DFL,13461,0.551771,DFL - Moderate,#6BAED6,27061
32,Jackson,"Jackson County, Minnesota",non-metro,yes,11094,45419,McCain,R,2858,0.50827,R - Weak,#FCAE91,27063
33,Kanabec,"Kanabec County, Minnesota",non-metro,yes,16486,45295,McCain,R,4479,0.527065,R - Weak,#FCAE91,27065
34,Kandiyohi,"Kandiyohi County, Minnesota",non-metro,yes,41083,46794,McCain,R,11318,0.516993,R - Weak,#FCAE91,27067
35,Kittson,"Kittson County, Minnesota",non-metro,no,4617,38309,Obama,DFL,1492,0.580997,DFL - Moderate,#6BAED6,27069
36,Koochiching,"Koochiching County, Minnesota",non-metro,no,13650,41895,Obama,DFL,3649,0.53646,DFL - Weak,#BDD7E7,27071
37,Lac Qui Parle,"Lac Qui Parle County, Minnesota",non-metro,no,7443,39361,Obama,DFL,2160,0.515144,DFL - Weak,#BDD7E7,27073
38,Lake,"Lake County, Minnesota",non-metro,no,11146,49261,Obama,DFL,4174,0.598938,DFL - Moderate,#6BAED6,27075
39,Lake of the Woods,"Lake of the Woods County, Minnesota",non-metro,no,4374,40191,McCain,R,1278,0.552529,R - Moderate,#FB6A4A,27077
40,Le Sueur,"Le Sueur County, Minnesota",non-metro,yes,28119,53837,McCain,R,7636,0.508761,R - Weak,#FCAE91,27079
41,Lincoln,"Lincoln County, Minnesota",non-metro,no,5931,39404,Obama,DFL,1517,0.485285,DFL - Weak,#BDD7E7,27081
42,Lyon,"Lyon County, Minnesota",non-metro,no,24264,46097,McCain,R,6315,0.496931,R - Weak,#FCAE91,27083
44,Mahnomen,"Mahnomen County, Minnesota",non-metro,no,5040,35789,Obama,DFL,1436,0.612889,DFL - Moderate,#6BAED6,27087
45,Marshall,"Marshall County, Minnesota",non-metro,yes,9858,43621,Obama,DFL,2311,0.487656,DFL - Weak,#BDD7E7,27089
46,Martin,"Martin County, Minnesota",non-metro,no,20635,43330,McCain,R,6053,0.56286,R - Moderate,#FB6A4A,27091
43,McLeod,"McLeod County, Minnesota",non-metro,no,36894,52787,McCain,R,10993,0.577697,R - Moderate,#FB6A4A,27085
47,Meeker,"Meeker County, Minnesota",non-metro,yes,23433,48716,McCain,R,6737,0.53707,R - Weak,#FCAE91,27093
48,Mille Lacs,"Mille Lacs County, Minnesota",non-metro,yes,26497,43388,McCain,R,7049,0.520413,R - Weak,#FCAE91,27095
49,Morrison,"Morrison County, Minnesota",non-metro,yes,32986,44183,McCain,R,9734,0.581412,R - Moderate,#FB6A4A,27097
50,Mower,"Mower County, Minnesota",non-metro,no,38675,43621,Obama,DFL,11605,0.604837,DFL - Moderate,#6BAED6,27099
51,Murray,"Murray County, Minnesota",non-metro,yes,8741,42932,Obama,DFL,2345,0.487222,DFL - Weak,#BDD7E7,27101
52,Nicollet,"Nicollet County, Minnesota",non-metro,no,31167,53345,Obama,DFL,9887,0.541902,DFL - Weak,#BDD7E7,27103
53,Nobles,"Nobles County, Minnesota",non-metro,yes,20300,43568,McCain,R,4368,0.495631,R - Weak,#FCAE91,27105
54,Norman,"Norman County, Minnesota",non-metro,no,6844,38531,Obama,DFL,2129,0.619977,DFL - Moderate,#6BAED6,27107
55,Olmsted,"Olmsted County, Minnesota",non-metro,no,138130,61395,Obama,DFL,38711,0.506231,DFL - Weak,#BDD7E7,27109
56,Otter Tail,"Otter Tail County, Minnesota",non-metro,no,57980,42357,McCain,R,18077,0.553033,R - Moderate,#FB6A4A,27111
57,Pennington,"Pennington County, Minnesota",non-metro,yes,13522,42047,Obama,DFL,3394,0.497508,DFL - Weak,#BDD7E7,27113
58,Pine,"Pine County, Minnesota",non-metro,no,28825,44892,Obama,DFL,7084,0.492526,DFL - Weak,#BDD7E7,27115
59,Pipestone,"Pipestone County, Minnesota",non-metro,no,9246,39996,McCain,R,2652,0.552615,R - Moderate,#FB6A4A,27117
60,Polk,"Polk County, Minnesota",non-metro,yes,30910,41949,Obama,DFL,7849,0.511902,DFL - Weak,#BDD7E7,27119
61,Pope,"Pope County, Minnesota",non-metro,yes,11183,44117,Obama,DFL,3317,0.507575,DFL - Weak,#BDD7E7,27121
62,Ramsey,"Ramsey County, Minnesota",metro,no,495494,53624,Obama,DFL,182972,0.659634,DFL - Strong,#08519C,27123
63,Red Lake,"Red Lake County, Minnesota",non-metro,yes,4285,38618,Obama,DFL,1119,0.510959,DFL - Weak,#BDD7E7,27125
64,Redwood,"Redwood County, Minnesota",non-metro,no,15734,44786,McCain,R,4308,0.551883,R - Moderate,#FB6A4A,27127
65,Renville,"Renville County, Minnesota",non-metro,yes,16581,44792,McCain,R,3956,0.486294,R - Weak,#FCAE91,27129
66,Rice,"Rice County, Minnesota",non-metro,no,61977,56425,Obama,DFL,17381,0.54659,DFL - Weak,#BDD7E7,27131
67,Rock,"Rock County, Minnesota",non-metro,no,9416,45520,McCain,R,2773,0.557723,R - Moderate,#FB6A4A,27133
68,Roseau,"Roseau County, Minnesota",non-metro,no,16409,48103,McCain,R,4437,0.576383,R - Moderate,#FB6A4A,27135
70,Scott,"Scott County, Minnesota",non-metro,yes,126832,80384,McCain,R,36726,0.547039,R - Weak,#FCAE91,27139
71,Sherburne,"Sherburne County, Minnesota",non-metro,yes,86546,65929,McCain,R,26143,0.581007,R - Moderate,#FB6A4A,27141
72,Sibley,"Sibley County, Minnesota",non-metro,yes,15141,50682,McCain,R,4492,0.581188,R - Moderate,#FB6A4A,27143
69,St Louis,"St Louis County, Minnesota",non-metro,no,194979,42945,Obama,DFL,77332,0.651041,DFL - Strong,#08519C,27137
73,Stearns,"Stearns County, Minnesota",non-metro,no,144287,50188,McCain,R,41194,0.523059,R - Weak,#FCAE91,27145
74,Steele,"Steele County, Minnesota",non-metro,no,36083,53187,McCain,R,10068,0.51221,R - Weak,#FCAE91,27147
75,Stevens,"Stevens County, Minnesota",non-metro,yes,9708,44981,Obama,DFL,2780,0.49352,DFL - Weak,#BDD7E7,27149
76,Swift,"Swift County, Minnesota",non-metro,no,11165,42312,Obama,DFL,2907,0.554348,DFL - Moderate,#6BAED6,27151
77,Todd,"Todd County, Minnesota",non-metro,no,24549,39601,McCain,R,6637,0.541486,R - Weak,#FCAE91,27153
78,Traverse,"Traverse County, Minnesota",non-metro,yes,3699,36980,Obama,DFL,1041,0.512051,DFL - Weak,#BDD7E7,27155
79,Wabasha,"Wabasha County, Minnesota",non-metro,yes,22262,50578,McCain,R,5935,0.499033,R - Weak,#FCAE91,27157
80,Wadena,"Wadena County, Minnesota",non-metro,no,13526,37151,McCain,R,4127,0.575753,R - Moderate,#FB6A4A,27159
81,Waseca,"Waseca County, Minnesota",non-metro,yes,19199,49976,McCain,R,5212,0.52705,R - Weak,#FCAE91,27161
82,Washington,"Washington County, Minnesota",metro,yes,224942,77813,Obama,DFL,70281,0.51276,DFL - Weak,#BDD7E7,27163
83,Watonwan,"Watonwan County, Minnesota",non-metro,yes,11068,44517,Obama,DFL,2562,0.487258,DFL - Weak,#BDD7E7,27165
84,Wilkin,"Wilkin County, Minnesota",non-metro,no,6660,45905,McCain,R,1786,0.52314,R - Weak,#FCAE91,27167
85,Winona,"Winona County, Minnesota",non-metro,no,49071,45414,Obama,DFL,16308,0.583805,DFL - Moderate,#6BAED6,27169
86,Wright,"Wright County, Minnesota",non-metro,yes,116087,64686,McCain,R,37779,0.576093,R - Moderate,#FB6A4A,27171
87,Yellow Medicine,"Yellow Medicine County, Minnesota",non-metro,yes,10247,42159,Obama,DFL,2816,0.505656,DFL - Weak,#BDD7E7,27173
