CO_CODE,CO_NAME,YEAR,HOUSING_TYPE,QUANTITY
3,Anoka County,1994,DUP,2
3,Anoka County,1994,MF3,235
3,Anoka County,1994,SFD,1708
3,Anoka County,1994,TH,217
3,Anoka County,1995,DUP,26
3,Anoka County,1995,MF3,82
3,Anoka County,1995,SFD,1475
3,Anoka County,1995,TH,338
3,Anoka County,1996,DUP,6
3,Anoka County,1996,MF3,246
3,Anoka County,1996,SFD,1693
3,Anoka County,1996,TH,308
3,Anoka County,1997,DUP,12
3,Anoka County,1997,MF3,121
3,Anoka County,1997,SFD,1544
3,Anoka County,1997,TH,375
3,Anoka County,1998,DUP,6
3,Anoka County,1998,MF3,108
3,Anoka County,1998,SFD,2090
3,Anoka County,1998,TH,569
3,Anoka County,1999,DUP,4
3,Anoka County,1999,MF3,351
3,Anoka County,1999,SFD,1999
3,Anoka County,1999,TH,506
3,Anoka County,2000,DUP,12
3,Anoka County,2000,MF3,16
3,Anoka County,2000,SFD,1704
3,Anoka County,2000,TH,327
3,Anoka County,2001,DUP,20
3,Anoka County,2001,MF3,254
3,Anoka County,2001,SFD,1706
3,Anoka County,2001,TH,453
3,Anoka County,2002,DUP,5
3,Anoka County,2002,MF3,415
3,Anoka County,2002,SFD,1685
3,Anoka County,2002,TH,537
3,Anoka County,2003,DUP,26
3,Anoka County,2003,MF3,145
3,Anoka County,2003,SFD,1824
3,Anoka County,2003,TH,953
3,Anoka County,2004,DTQ,0
3,Anoka County,2004,MF5,539
3,Anoka County,2004,SFD,1768
3,Anoka County,2004,TH,1029
3,Anoka County,2005,DTQ,6
3,Anoka County,2005,MF5,324
3,Anoka County,2005,SFD,1217
3,Anoka County,2005,TH,837
3,Anoka County,2006,DTQ,0
3,Anoka County,2006,MF5,40
3,Anoka County,2006,SFD,830
3,Anoka County,2006,TH,610
3,Anoka County,2007,DTQ,6
3,Anoka County,2007,MF5,282
3,Anoka County,2007,SFD,638
3,Anoka County,2007,TH,208
3,Anoka County,2008,DTQ,0
3,Anoka County,2008,MF5,161
3,Anoka County,2008,SFD,295
3,Anoka County,2008,TH,123
3,Anoka County,2009,DTQ,2
3,Anoka County,2009,MF5,56
3,Anoka County,2009,SFD,363
3,Anoka County,2009,TH,77
3,Anoka County,2010,DTQ,0
3,Anoka County,2010,MF5,110
3,Anoka County,2010,SFD,478
3,Anoka County,2010,TH,96
3,Anoka County,2011,DTQ,0
3,Anoka County,2011,MF5,79
3,Anoka County,2011,SFD,436
3,Anoka County,2011,TH,101
3,Anoka County,2012,DTQ,0
3,Anoka County,2012,MF5,381
3,Anoka County,2012,SFD,691
3,Anoka County,2012,TH,37
19,Carver County,1994,DUP,0
19,Carver County,1994,MF3,12
19,Carver County,1994,SFD,708
19,Carver County,1994,TH,128
19,Carver County,1995,DUP,0
19,Carver County,1995,MF3,211
19,Carver County,1995,SFD,604
19,Carver County,1995,TH,72
19,Carver County,1996,DUP,0
19,Carver County,1996,MF3,0
19,Carver County,1996,SFD,637
19,Carver County,1996,TH,68
19,Carver County,1997,DUP,35
19,Carver County,1997,MF3,59
19,Carver County,1997,SFD,650
19,Carver County,1997,TH,115
19,Carver County,1998,DUP,16
19,Carver County,1998,MF3,70
19,Carver County,1998,SFD,787
19,Carver County,1998,TH,152
19,Carver County,1999,DUP,0
19,Carver County,1999,MF3,87
19,Carver County,1999,SFD,745
19,Carver County,1999,TH,172
19,Carver County,2000,DUP,10
19,Carver County,2000,MF3,424
19,Carver County,2000,SFD,716
19,Carver County,2000,TH,212
19,Carver County,2001,DUP,0
19,Carver County,2001,MF3,322
19,Carver County,2001,SFD,731
19,Carver County,2001,TH,142
19,Carver County,2002,DUP,2
19,Carver County,2002,MF3,354
19,Carver County,2002,SFD,804
19,Carver County,2002,TH,321
19,Carver County,2003,DUP,6
19,Carver County,2003,MF3,565
19,Carver County,2003,SFD,836
19,Carver County,2003,TH,153
19,Carver County,2004,DTQ,59
19,Carver County,2004,MF5,322
19,Carver County,2004,SFD,766
19,Carver County,2004,TH,190
19,Carver County,2005,DTQ,38
19,Carver County,2005,MF5,147
19,Carver County,2005,SFD,604
19,Carver County,2005,TH,254
19,Carver County,2006,DTQ,13
19,Carver County,2006,MF5,147
19,Carver County,2006,SFD,478
19,Carver County,2006,TH,174
19,Carver County,2007,DTQ,2
19,Carver County,2007,MF5,44
19,Carver County,2007,SFD,355
19,Carver County,2007,TH,224
19,Carver County,2008,DTQ,0
19,Carver County,2008,MF5,118
19,Carver County,2008,SFD,171
19,Carver County,2008,TH,70
19,Carver County,2009,DTQ,2
19,Carver County,2009,MF5,79
19,Carver County,2009,SFD,263
19,Carver County,2009,TH,20
19,Carver County,2010,DTQ,0
19,Carver County,2010,MF5,8
19,Carver County,2010,SFD,247
19,Carver County,2010,TH,48
19,Carver County,2011,DTQ,0
19,Carver County,2011,MF5,97
19,Carver County,2011,SFD,309
19,Carver County,2011,TH,77
19,Carver County,2012,DTQ,0
19,Carver County,2012,MF5,0
19,Carver County,2012,SFD,432
19,Carver County,2012,TH,108
37,Dakota County,1994,DUP,34
37,Dakota County,1994,MF3,999
37,Dakota County,1994,SFD,1877
37,Dakota County,1994,TH,503
37,Dakota County,1995,DUP,24
37,Dakota County,1995,MF3,1096
37,Dakota County,1995,SFD,1672
37,Dakota County,1995,TH,517
37,Dakota County,1996,DUP,20
37,Dakota County,1996,MF3,1087
37,Dakota County,1996,SFD,1829
37,Dakota County,1996,TH,466
37,Dakota County,1997,DUP,14
37,Dakota County,1997,MF3,529
37,Dakota County,1997,SFD,1543
37,Dakota County,1997,TH,567
37,Dakota County,1998,DUP,14
37,Dakota County,1998,MF3,891
37,Dakota County,1998,SFD,2008
37,Dakota County,1998,TH,485
37,Dakota County,1999,DUP,7
37,Dakota County,1999,MF3,861
37,Dakota County,1999,SFD,2018
37,Dakota County,1999,TH,528
37,Dakota County,2000,DUP,10
37,Dakota County,2000,MF3,756
37,Dakota County,2000,SFD,1666
37,Dakota County,2000,TH,708
37,Dakota County,2001,DUP,8
37,Dakota County,2001,MF3,1140
37,Dakota County,2001,SFD,1519
37,Dakota County,2001,TH,647
37,Dakota County,2002,DUP,16
37,Dakota County,2002,MF3,1661
37,Dakota County,2002,SFD,1429
37,Dakota County,2002,TH,557
37,Dakota County,2003,DUP,18
37,Dakota County,2003,MF3,1927
37,Dakota County,2003,SFD,1603
37,Dakota County,2003,TH,758
37,Dakota County,2004,DTQ,92
37,Dakota County,2004,MF5,1049
37,Dakota County,2004,SFD,1307
37,Dakota County,2004,TH,1282
37,Dakota County,2005,DTQ,200
37,Dakota County,2005,MF5,1063
37,Dakota County,2005,SFD,963
37,Dakota County,2005,TH,353
37,Dakota County,2006,DTQ,29
37,Dakota County,2006,MF5,315
37,Dakota County,2006,SFD,746
37,Dakota County,2006,TH,595
37,Dakota County,2007,DTQ,22
37,Dakota County,2007,MF5,375
37,Dakota County,2007,SFD,504
37,Dakota County,2007,TH,335
37,Dakota County,2008,DTQ,0
37,Dakota County,2008,MF5,497
37,Dakota County,2008,SFD,364
37,Dakota County,2008,TH,144
37,Dakota County,2009,DTQ,4
37,Dakota County,2009,MF5,177
37,Dakota County,2009,SFD,369
37,Dakota County,2009,TH,60
37,Dakota County,2010,DTQ,8
37,Dakota County,2010,MF5,194
37,Dakota County,2010,SFD,412
37,Dakota County,2010,TH,81
37,Dakota County,2011,DTQ,15
37,Dakota County,2011,MF5,468
37,Dakota County,2011,SFD,386
37,Dakota County,2011,TH,46
37,Dakota County,2012,DTQ,12
37,Dakota County,2012,MF5,260
37,Dakota County,2012,SFD,652
37,Dakota County,2012,TH,130
53,Hennepin County,1994,DUP,72
53,Hennepin County,1994,MF3,646
53,Hennepin County,1994,SFD,2555
53,Hennepin County,1994,TH,459
53,Hennepin County,1995,DUP,82
53,Hennepin County,1995,MF3,1094
53,Hennepin County,1995,SFD,2188
53,Hennepin County,1995,TH,675
53,Hennepin County,1996,DUP,88
53,Hennepin County,1996,MF3,693
53,Hennepin County,1996,SFD,2253
53,Hennepin County,1996,TH,776
53,Hennepin County,1997,DUP,54
53,Hennepin County,1997,MF3,1032
53,Hennepin County,1997,SFD,1879
53,Hennepin County,1997,TH,879
53,Hennepin County,1998,DUP,80
53,Hennepin County,1998,MF3,1318
53,Hennepin County,1998,SFD,2135
53,Hennepin County,1998,TH,730
53,Hennepin County,1999,DUP,118
53,Hennepin County,1999,MF3,2071
53,Hennepin County,1999,SFD,2378
53,Hennepin County,1999,TH,932
53,Hennepin County,2000,DUP,90
53,Hennepin County,2000,MF3,2245
53,Hennepin County,2000,SFD,2199
53,Hennepin County,2000,TH,792
53,Hennepin County,2001,DUP,36
53,Hennepin County,2001,MF3,2514
53,Hennepin County,2001,SFD,1914
53,Hennepin County,2001,TH,747
53,Hennepin County,2002,DUP,28
53,Hennepin County,2002,MF3,4127
53,Hennepin County,2002,SFD,1889
53,Hennepin County,2002,TH,730
53,Hennepin County,2003,DUP,104
53,Hennepin County,2003,MF3,2495
53,Hennepin County,2003,SFD,1918
53,Hennepin County,2003,TH,1072
53,Hennepin County,2004,DTQ,159
53,Hennepin County,2004,MF5,2416
53,Hennepin County,2004,SFD,1625
53,Hennepin County,2004,TH,1168
53,Hennepin County,2005,DTQ,67
53,Hennepin County,2005,MF5,3156
53,Hennepin County,2005,SFD,1554
53,Hennepin County,2005,TH,796
53,Hennepin County,2006,DTQ,107
53,Hennepin County,2006,MF5,2529
53,Hennepin County,2006,SFD,1401
53,Hennepin County,2006,TH,596
53,Hennepin County,2007,DTQ,40
53,Hennepin County,2007,MF5,1241
53,Hennepin County,2007,SFD,1041
53,Hennepin County,2007,TH,323
53,Hennepin County,2008,DTQ,23
53,Hennepin County,2008,MF5,755
53,Hennepin County,2008,SFD,677
53,Hennepin County,2008,TH,249
53,Hennepin County,2009,DTQ,14
53,Hennepin County,2009,MF5,639
53,Hennepin County,2009,SFD,538
53,Hennepin County,2009,TH,152
53,Hennepin County,2010,DTQ,0
53,Hennepin County,2010,MF5,1212
53,Hennepin County,2010,SFD,719
53,Hennepin County,2010,TH,145
53,Hennepin County,2011,DTQ,2
53,Hennepin County,2011,MF5,1578
53,Hennepin County,2011,SFD,829
53,Hennepin County,2011,TH,87
53,Hennepin County,2012,DTQ,8
53,Hennepin County,2012,MF5,4385
53,Hennepin County,2012,SFD,1229
53,Hennepin County,2012,TH,129
123,Ramsey County,1994,DUP,58
123,Ramsey County,1994,MF3,290
123,Ramsey County,1994,SFD,542
123,Ramsey County,1994,TH,320
123,Ramsey County,1995,DUP,8
123,Ramsey County,1995,MF3,371
123,Ramsey County,1995,SFD,453
123,Ramsey County,1995,TH,186
123,Ramsey County,1996,DUP,18
123,Ramsey County,1996,MF3,170
123,Ramsey County,1996,SFD,567
123,Ramsey County,1996,TH,291
123,Ramsey County,1997,DUP,8
123,Ramsey County,1997,MF3,95
123,Ramsey County,1997,SFD,477
123,Ramsey County,1997,TH,203
123,Ramsey County,1998,DUP,24
123,Ramsey County,1998,MF3,30
123,Ramsey County,1998,SFD,437
123,Ramsey County,1998,TH,289
123,Ramsey County,1999,DUP,28
123,Ramsey County,1999,MF3,372
123,Ramsey County,1999,SFD,388
123,Ramsey County,1999,TH,134
123,Ramsey County,2000,DUP,30
123,Ramsey County,2000,MF3,229
123,Ramsey County,2000,SFD,435
123,Ramsey County,2000,TH,518
123,Ramsey County,2001,DUP,32
123,Ramsey County,2001,MF3,822
123,Ramsey County,2001,SFD,354
123,Ramsey County,2001,TH,222
123,Ramsey County,2002,DUP,44
123,Ramsey County,2002,MF3,1039
123,Ramsey County,2002,SFD,289
123,Ramsey County,2002,TH,130
123,Ramsey County,2003,DUP,40
123,Ramsey County,2003,MF3,1434
123,Ramsey County,2003,SFD,336
123,Ramsey County,2003,TH,147
123,Ramsey County,2004,DTQ,85
123,Ramsey County,2004,MF5,2231
123,Ramsey County,2004,SFD,408
123,Ramsey County,2004,TH,88
123,Ramsey County,2005,DTQ,65
123,Ramsey County,2005,MF5,1093
123,Ramsey County,2005,SFD,341
123,Ramsey County,2005,TH,109
123,Ramsey County,2006,DTQ,31
123,Ramsey County,2006,MF5,691
123,Ramsey County,2006,SFD,270
123,Ramsey County,2006,TH,103
123,Ramsey County,2007,DTQ,4
123,Ramsey County,2007,MF5,541
123,Ramsey County,2007,SFD,173
123,Ramsey County,2007,TH,67
123,Ramsey County,2008,DTQ,6
123,Ramsey County,2008,MF5,139
123,Ramsey County,2008,SFD,83
123,Ramsey County,2008,TH,115
123,Ramsey County,2009,DTQ,0
123,Ramsey County,2009,MF5,405
123,Ramsey County,2009,SFD,69
123,Ramsey County,2009,TH,36
123,Ramsey County,2010,DTQ,4
123,Ramsey County,2010,MF5,235
123,Ramsey County,2010,SFD,83
123,Ramsey County,2010,TH,64
123,Ramsey County,2011,DTQ,2
123,Ramsey County,2011,MF5,658
123,Ramsey County,2011,SFD,84
123,Ramsey County,2011,TH,24
123,Ramsey County,2012,DTQ,6
123,Ramsey County,2012,MF5,1103
123,Ramsey County,2012,SFD,195
123,Ramsey County,2012,TH,50
139,Scott County,1994,DUP,8
139,Scott County,1994,MF3,56
139,Scott County,1994,SFD,880
139,Scott County,1994,TH,36
139,Scott County,1995,DUP,8
139,Scott County,1995,MF3,138
139,Scott County,1995,SFD,784
139,Scott County,1995,TH,22
139,Scott County,1996,DUP,54
139,Scott County,1996,MF3,180
139,Scott County,1996,SFD,986
139,Scott County,1996,TH,91
139,Scott County,1997,DUP,28
139,Scott County,1997,MF3,92
139,Scott County,1997,SFD,769
139,Scott County,1997,TH,236
139,Scott County,1998,DUP,58
139,Scott County,1998,MF3,383
139,Scott County,1998,SFD,1054
139,Scott County,1998,TH,229
139,Scott County,1999,DUP,112
139,Scott County,1999,MF3,765
139,Scott County,1999,SFD,1250
139,Scott County,1999,TH,250
139,Scott County,2000,DTQ,0
139,Scott County,2000,DUP,22
139,Scott County,2000,MF3,295
139,Scott County,2000,MF5,0
139,Scott County,2000,SFD,1527
139,Scott County,2000,TH,517
139,Scott County,2001,DTQ,0
139,Scott County,2001,DUP,0
139,Scott County,2001,MF3,324
139,Scott County,2001,MF5,0
139,Scott County,2001,SFD,1551
139,Scott County,2001,TH,566
139,Scott County,2002,DTQ,0
139,Scott County,2002,DUP,17
139,Scott County,2002,MF3,520
139,Scott County,2002,MF5,0
139,Scott County,2002,SFD,1320
139,Scott County,2002,TH,538
139,Scott County,2003,DTQ,0
139,Scott County,2003,DUP,8
139,Scott County,2003,MF3,480
139,Scott County,2003,MF5,0
139,Scott County,2003,SFD,1334
139,Scott County,2003,TH,783
139,Scott County,2004,DTQ,0
139,Scott County,2004,MF5,150
139,Scott County,2004,SFD,1159
139,Scott County,2004,TH,736
139,Scott County,2005,DTQ,19
139,Scott County,2005,MF5,130
139,Scott County,2005,SFD,1008
139,Scott County,2005,TH,533
139,Scott County,2006,DTQ,49
139,Scott County,2006,MF5,226
139,Scott County,2006,SFD,715
139,Scott County,2006,TH,284
139,Scott County,2007,DTQ,8
139,Scott County,2007,MF5,165
139,Scott County,2007,SFD,424
139,Scott County,2007,TH,240
139,Scott County,2008,DTQ,0
139,Scott County,2008,MF5,14
139,Scott County,2008,SFD,243
139,Scott County,2008,TH,54
139,Scott County,2009,DTQ,4
139,Scott County,2009,MF5,0
139,Scott County,2009,SFD,449
139,Scott County,2009,TH,81
139,Scott County,2010,DTQ,0
139,Scott County,2010,MF5,49
139,Scott County,2010,SFD,374
139,Scott County,2010,TH,58
139,Scott County,2011,DTQ,2
139,Scott County,2011,MF5,50
139,Scott County,2011,SFD,335
139,Scott County,2011,TH,49
139,Scott County,2012,DTQ,2
139,Scott County,2012,MF5,182
139,Scott County,2012,SFD,448
139,Scott County,2012,TH,83
163,Washington County,1994,DUP,16
163,Washington County,1994,MF3,272
163,Washington County,1994,SFD,1901
163,Washington County,1994,TH,213
163,Washington County,1995,DUP,6
163,Washington County,1995,MF3,421
163,Washington County,1995,SFD,1534
163,Washington County,1995,TH,339
163,Washington County,1996,DUP,2
163,Washington County,1996,MF3,284
163,Washington County,1996,SFD,1585
163,Washington County,1996,TH,346
163,Washington County,1997,DUP,22
163,Washington County,1997,MF3,627
163,Washington County,1997,SFD,1331
163,Washington County,1997,TH,320
163,Washington County,1998,DUP,36
163,Washington County,1998,MF3,717
163,Washington County,1998,SFD,1575
163,Washington County,1998,TH,327
163,Washington County,1999,DUP,82
163,Washington County,1999,MF3,1133
163,Washington County,1999,SFD,1556
163,Washington County,1999,TH,129
163,Washington County,2000,DUP,0
163,Washington County,2000,MF3,1054
163,Washington County,2000,SFD,1304
163,Washington County,2000,TH,319
163,Washington County,2001,DUP,64
163,Washington County,2001,MF3,461
163,Washington County,2001,SFD,1087
163,Washington County,2001,TH,536
163,Washington County,2002,DUP,38
163,Washington County,2002,MF3,191
163,Washington County,2002,SFD,871
163,Washington County,2002,TH,614
163,Washington County,2003,DUP,14
163,Washington County,2003,MF3,368
163,Washington County,2003,SFD,1198
163,Washington County,2003,TH,753
163,Washington County,2004,DTQ,184
163,Washington County,2004,MF5,694
163,Washington County,2004,SFD,1223
163,Washington County,2004,TH,633
163,Washington County,2005,DTQ,177
163,Washington County,2005,MF5,462
163,Washington County,2005,SFD,1200
163,Washington County,2005,TH,913
163,Washington County,2006,DTQ,0
163,Washington County,2006,MF5,260
163,Washington County,2006,SFD,821
163,Washington County,2006,TH,599
163,Washington County,2007,DTQ,0
163,Washington County,2007,MF5,286
163,Washington County,2007,SFD,530
163,Washington County,2007,TH,464
163,Washington County,2008,DTQ,0
163,Washington County,2008,MF5,181
163,Washington County,2008,SFD,449
163,Washington County,2008,TH,205
163,Washington County,2009,DTQ,0
163,Washington County,2009,MF5,56
163,Washington County,2009,SFD,362
163,Washington County,2009,TH,171
163,Washington County,2010,DTQ,24
163,Washington County,2010,MF5,612
163,Washington County,2010,SFD,446
163,Washington County,2010,TH,97
163,Washington County,2011,DTQ,0
163,Washington County,2011,MF5,66
163,Washington County,2011,SFD,427
163,Washington County,2011,TH,142
163,Washington County,2012,DTQ,0
163,Washington County,2012,MF5,137
163,Washington County,2012,SFD,612
163,Washington County,2012,TH,84
